customer_id,segment,name,email,country,province_state,created_at
1,Retail,Elena Mitchell,elena.mitchell0@example.com,USA,NY,2025-02-18 01:23:50
2,Retail,Isabella Evans,isabella.evans1@example.com,Canada,ON,2025-08-17 05:28:37
3,Retail,Diego Campbell,diego.campbell2@example.com,USA,MI,2025-03-28 02:13:27
4,Retail,Amina Rogers,amina.rogers3@example.com,USA,GA,2024-12-13 18:39:24
5,Retail,Victor Edwards,victor.edwards4@example.com,Canada,AB,2024-11-10 02:20:34
6,Retail,Ibrahim Moore,ibrahim.moore5@example.com,USA,FL,2025-04-15 16:55:14
7,Retail,Amina Scott,amina.scott6@example.com,Canada,ON,2025-02-25 17:08:12
8,Retail,Alex Nguyen,alex.nguyen7@example.com,Canada,ON,2025-03-03 21:17:42
9,Retail,Kiana Nguyen,kiana.nguyen8@example.com,Canada,SK,2025-01-16 12:00:38
10,Retail,Priya Davis,priya.davis9@example.com,Canada,AB,2025-01-08 15:25:16
11,Retail,Elena Evans,elena.evans10@example.com,Canada,SK,2025-01-11 02:54:20
12,Retail,Max Murphy,max.murphy11@example.com,USA,MI,2024-11-15 08:52:08
13,Retail,Emma Brown,emma.brown12@example.com,Canada,NS,2025-08-04 04:56:45
14,Retail,Olivia Collins,olivia.collins13@example.com,USA,FL,2024-12-25 09:32:04
15,Retail,Ibrahim Morris,ibrahim.morris14@example.com,Canada,NL,2025-07-06 15:39:15
16,Retail,Victor Roy,victor.roy15@example.com,USA,CO,2025-06-11 18:12:19
17,Retail,Kiana Rivera,kiana.rivera16@example.com,USA,NC,2025-05-29 00:40:33
18,Retail,Jack Walker,jack.walker17@example.com,Canada,NS,2025-05-03 08:54:49
19,Retail,Victor Bailey,victor.bailey18@example.com,USA,NY,2025-03-06 07:49:43
20,Retail,Max Rivera,max.rivera19@example.com,Canada,MB,2025-04-14 13:47:38
21,Retail,Jad Young,jad.young20@example.com,Canada,SK,2025-09-02 22:59:10
22,Retail,Isabella Hill,isabella.hill21@example.com,Canada,NL,2024-10-24 01:37:37
23,Retail,Isabella Roberts,isabella.roberts22@example.com,USA,NY,2024-10-06 04:31:47
24,Retail,Amina Bell,amina.bell23@example.com,Canada,QC,2024-12-19 20:30:10
25,Retail,Sara Parker,sara.parker24@example.com,USA,GA,2025-02-23 04:35:58
26,Retail,Ben Moore,ben.moore25@example.com,Canada,BC,2025-07-18 06:59:34
27,Retail,Kiana Morgan,kiana.morgan26@example.com,Canada,QC,2025-01-19 05:38:29
28,Retail,Xavier Rivera,xavier.rivera27@example.com,USA,CA,2025-02-12 00:28:53
29,Retail,Max Hill,max.hill28@example.com,Canada,NS,2024-12-20 11:19:59
30,Retail,Waleed Baker,waleed.baker29@example.com,Canada,MB,2025-06-06 19:56:04
31,Retail,Khadija Young,khadija.young30@example.com,USA,FL,2025-06-12 08:04:00
32,Retail,Hassan Gagnon,hassan.gagnon31@example.com,USA,NJ,2025-02-07 03:05:42
33,Retail,Max Chen,max.chen32@example.com,Canada,QC,2025-01-03 22:43:22
34,Retail,Dalia Rogers,dalia.rogers33@example.com,Canada,AB,2024-09-14 18:28:18
35,Retail,Xavier Green,xavier.green34@example.com,USA,WA,2025-01-25 01:32:52
36,Retail,Noah Nguyen,noah.nguyen35@example.com,USA,CO,2024-10-21 01:04:38
37,Retail,Riley Murphy,riley.murphy36@example.com,Canada,ON,2025-02-07 13:37:09
38,Retail,Aiden Chen,aiden.chen37@example.com,Canada,SK,2025-07-29 00:35:49
39,Retail,Emma Walker,emma.walker38@example.com,Canada,NB,2024-09-25 10:45:26
40,Retail,Quinn Bailey,quinn.bailey39@example.com,USA,CA,2025-06-09 20:02:31
41,Retail,Priya Nguyen,priya.nguyen40@example.com,Canada,ON,2025-05-12 14:03:51
42,Retail,Jack Stewart,jack.stewart41@example.com,USA,NJ,2024-10-11 07:08:57
43,Retail,Amina Murray,amina.murray42@example.com,Canada,MB,2025-01-20 09:40:27
44,Retail,Ben Gagnon,ben.gagnon43@example.com,Canada,NL,2024-11-21 09:03:59
45,Retail,Omar Roy,omar.roy44@example.com,Canada,AB,2025-01-31 15:13:36
46,Retail,Amina Mitchell,amina.mitchell45@example.com,USA,FL,2024-09-19 09:39:37
47,Retail,Noah Moore,noah.moore46@example.com,Canada,NL,2025-05-27 16:31:51
48,Retail,Alex Walker,alex.walker47@example.com,Canada,SK,2025-02-18 09:15:04
49,Retail,Noah Rogers,noah.rogers48@example.com,USA,CA,2025-07-01 04:44:54
50,Retail,Jack Bailey,jack.bailey49@example.com,Canada,BC,2025-04-23 00:16:36
51,Retail,Ben Stewart,ben.stewart50@example.com,Canada,ON,2024-11-19 16:02:04
52,Retail,Hannah Wilson,hannah.wilson51@example.com,USA,FL,2024-12-24 16:14:54
53,Retail,Nora Scott,nora.scott52@example.com,USA,MA,2024-12-06 04:09:22
54,Retail,Waleed Walker,waleed.walker53@example.com,Canada,BC,2025-01-27 02:44:50
55,Retail,Sophia Brown,sophia.brown54@example.com,Canada,BC,2025-06-08 21:40:54
56,Retail,Zoe Cook,zoe.cook55@example.com,Canada,NB,2025-05-20 21:28:24
57,Retail,Kiana Wilson,kiana.wilson56@example.com,USA,WA,2025-09-06 23:36:10
58,Retail,Aisha King,aisha.king57@example.com,USA,TX,2025-07-17 14:15:31
59,Retail,Olivia Walker,olivia.walker58@example.com,Canada,NL,2024-10-06 01:02:14
60,Retail,Emma Ali,emma.ali59@example.com,Canada,AB,2024-11-30 13:31:28
61,Retail,Liam Ali,liam.ali60@example.com,Canada,SK,2025-03-17 19:04:41
62,Retail,Uma Singh,uma.singh61@example.com,USA,NC,2025-07-13 18:24:17
63,Retail,Daniel Rogers,daniel.rogers62@example.com,USA,FL,2025-05-21 12:30:14
64,Retail,Khadija Tremblay,khadija.tremblay63@example.com,Canada,NS,2025-05-13 16:16:29
65,Retail,Gabriel Roy,gabriel.roy64@example.com,Canada,NS,2025-04-05 20:22:19
66,Retail,Liam Turner,liam.turner65@example.com,USA,CA,2025-06-29 02:47:09
67,Retail,Quinn Carter,quinn.carter66@example.com,Canada,AB,2024-11-22 15:30:32
68,Retail,Dalia Tremblay,dalia.tremblay67@example.com,USA,CO,2024-09-20 21:15:47
69,Retail,Sara Murray,sara.murray68@example.com,Canada,AB,2025-04-24 00:54:12
70,Retail,Brianna Roy,brianna.roy69@example.com,Canada,QC,2024-11-24 01:23:41
71,Retail,Quinn Cook,quinn.cook70@example.com,Canada,ON,2025-07-21 17:36:41
72,Retail,Waleed Brown,waleed.brown71@example.com,Canada,NS,2025-06-24 11:13:10
73,Retail,Aisha King,aisha.king72@example.com,USA,WA,2024-09-16 12:07:58
74,Retail,Aisha Walker,aisha.walker73@example.com,USA,TX,2025-08-03 16:30:55
75,Retail,Xavier Garcia,xavier.garcia74@example.com,USA,GA,2025-03-15 13:24:20
76,Retail,Ivy Morris,ivy.morris75@example.com,USA,FL,2024-11-01 00:32:44
77,Retail,Alex Tremblay,alex.tremblay76@example.com,Canada,BC,2025-08-26 20:40:12
78,Retail,Hassan Rivera,hassan.rivera77@example.com,Canada,NS,2025-02-16 18:35:05
79,Retail,Emma Cook,emma.cook78@example.com,Canada,BC,2024-09-19 11:55:38
80,Retail,Kiana Baker,kiana.baker79@example.com,Canada,SK,2025-07-07 06:18:27
81,Retail,Olivia Green,olivia.green80@example.com,Canada,QC,2025-05-01 20:13:17
82,Retail,Leo Morgan,leo.morgan81@example.com,Canada,QC,2025-04-01 08:23:48
83,Retail,Aiden Turner,aiden.turner82@example.com,USA,PA,2024-10-13 20:39:46
84,Retail,Aisha Martinez,aisha.martinez83@example.com,Canada,BC,2025-08-26 16:32:55
85,Retail,Khadija Young,khadija.young84@example.com,Canada,NS,2024-11-02 09:39:00
86,Retail,Amina Moore,amina.moore85@example.com,USA,CA,2025-07-26 09:11:51
87,Retail,Amina Bailey,amina.bailey86@example.com,Canada,AB,2025-06-06 03:44:38
88,Retail,Jad Turner,jad.turner87@example.com,Canada,BC,2025-07-30 00:30:54
89,Retail,Riley Turner,riley.turner88@example.com,USA,OH,2025-02-19 14:37:34
90,Retail,Grace Lopez,grace.lopez89@example.com,USA,OH,2025-05-21 08:05:47
91,Retail,Nora Singh,nora.singh90@example.com,USA,NY,2025-07-21 06:38:56
92,Retail,Khadija Nguyen,khadija.nguyen91@example.com,USA,NC,2025-06-10 08:01:43
93,Retail,Max Baker,max.baker92@example.com,USA,TX,2025-04-17 01:01:46
94,Retail,Ibrahim Morgan,ibrahim.morgan93@example.com,USA,AZ,2025-01-15 16:43:38
95,Retail,Noah Martinez,noah.martinez94@example.com,USA,PA,2025-03-14 14:38:17
96,Retail,Ben Chen,ben.chen95@example.com,USA,NY,2025-01-04 12:44:35
97,Retail,Yara Campbell,yara.campbell96@example.com,Canada,QC,2025-07-29 00:31:39
98,Retail,Quinn Singh,quinn.singh97@example.com,Canada,BC,2024-10-09 21:18:06
99,Retail,Elena Cook,elena.cook98@example.com,Canada,QC,2025-05-18 04:55:47
100,Retail,Fatima Morris,fatima.morris99@example.com,USA,GA,2025-07-24 14:16:20
101,Retail,Gabriel Roy,gabriel.roy100@example.com,USA,CO,2025-03-27 19:39:57
102,Retail,Uma Young,uma.young101@example.com,Canada,QC,2025-02-22 05:22:01
103,Retail,Sara Scott,sara.scott102@example.com,USA,WA,2025-06-22 20:28:27
104,Retail,Olivia Martin,olivia.martin103@example.com,Canada,NL,2025-01-02 15:26:01
105,Retail,Elena Murphy,elena.murphy104@example.com,Canada,AB,2025-06-02 15:35:50
106,Retail,Elena Shah,elena.shah105@example.com,USA,FL,2025-02-06 02:26:07
107,Retail,Bianca Reed,bianca.reed106@example.com,Canada,QC,2024-12-20 18:02:33
108,Retail,Jack Wilson,jack.wilson107@example.com,Canada,MB,2024-11-03 03:54:11
109,Retail,Max Singh,max.singh108@example.com,USA,MA,2025-04-16 12:17:29
110,Retail,Quinn Parker,quinn.parker109@example.com,Canada,NL,2025-01-19 19:36:41
111,Retail,Ibrahim Garcia,ibrahim.garcia110@example.com,USA,CA,2025-06-02 07:15:09
112,Retail,Gabriel Turner,gabriel.turner111@example.com,USA,TX,2025-04-05 03:33:56
113,Retail,Fatima Morris,fatima.morris112@example.com,Canada,ON,2025-04-03 05:11:22
114,Retail,Ben Parker,ben.parker113@example.com,Canada,NB,2025-05-13 07:17:48
115,Retail,Grace Rivera,grace.rivera114@example.com,USA,CO,2025-07-02 16:18:52
116,Retail,Tyler Garcia,tyler.garcia115@example.com,Canada,ON,2024-12-10 16:25:05
117,Retail,Waleed Murphy,waleed.murphy116@example.com,USA,AZ,2024-12-04 12:34:11
118,Retail,Ivy Reed,ivy.reed117@example.com,Canada,QC,2025-07-09 01:46:53
119,Retail,Farah Wright,farah.wright118@example.com,Canada,AB,2024-09-29 01:15:17
120,Retail,Yara Martin,yara.martin119@example.com,Canada,MB,2025-04-28 12:07:03
121,Retail,Riley Young,riley.young120@example.com,USA,OH,2025-08-02 06:50:14
122,Retail,Jack Garcia,jack.garcia121@example.com,Canada,MB,2025-05-18 23:10:30
123,Retail,Aiden Young,aiden.young122@example.com,Canada,SK,2025-06-03 10:22:55
124,Retail,Emma Gagnon,emma.gagnon123@example.com,USA,AZ,2025-08-30 06:41:39
125,Retail,Aiden Collins,aiden.collins124@example.com,USA,NY,2025-07-10 06:39:16
126,Retail,Amina Wright,amina.wright125@example.com,Canada,BC,2024-11-07 09:55:21
127,Retail,Aisha King,aisha.king126@example.com,Canada,NL,2024-10-30 21:57:54
128,Retail,Leo Reed,leo.reed127@example.com,USA,AZ,2025-05-01 18:35:52
129,Retail,Elena Brown,elena.brown128@example.com,Canada,MB,2025-06-18 17:05:19
130,Retail,Tyler Martinez,tyler.martinez129@example.com,USA,GA,2024-11-30 21:34:34
131,Retail,Kiana Tremblay,kiana.tremblay130@example.com,USA,MI,2024-12-03 01:07:53
132,Retail,Aiden Chen,aiden.chen131@example.com,Canada,NS,2025-01-31 11:48:39
133,Retail,Brianna Lopez,brianna.lopez132@example.com,Canada,SK,2025-09-05 09:32:28
134,Retail,Nora Murphy,nora.murphy133@example.com,Canada,BC,2025-02-08 03:14:27
135,Retail,Maya Reed,maya.reed134@example.com,USA,GA,2024-10-04 17:07:01
136,Retail,Aisha Lopez,aisha.lopez135@example.com,Canada,ON,2024-12-09 17:01:12
137,Retail,Victor Stewart,victor.stewart136@example.com,Canada,BC,2025-05-16 18:34:32
138,Retail,Uma Martinez,uma.martinez137@example.com,Canada,AB,2024-12-28 05:12:13
139,Retail,Omar Davis,omar.davis138@example.com,USA,IL,2024-09-29 22:15:54
140,Retail,Ibrahim Gagnon,ibrahim.gagnon139@example.com,USA,CA,2025-06-16 02:51:00
141,Retail,Waleed Shah,waleed.shah140@example.com,Canada,NL,2024-09-16 06:10:41
142,Retail,Victor Phillips,victor.phillips141@example.com,USA,NJ,2024-12-13 18:43:30
143,Retail,Nora Bell,nora.bell142@example.com,Canada,PE,2024-12-27 22:49:33
144,Retail,Sara Patel,sara.patel143@example.com,Canada,BC,2024-12-17 06:16:07
145,Retail,Xavier Edwards,xavier.edwards144@example.com,Canada,SK,2024-12-05 17:27:21
146,Retail,Victor Morgan,victor.morgan145@example.com,Canada,NB,2024-10-18 05:46:41
147,Retail,Riley Walker,riley.walker146@example.com,Canada,AB,2025-02-05 06:22:59
148,Retail,Fatima Turner,fatima.turner147@example.com,Canada,SK,2024-11-06 01:07:43
149,Retail,Aiden Campbell,aiden.campbell148@example.com,Canada,NL,2025-06-17 06:45:36
150,Retail,Riley Brown,riley.brown149@example.com,Canada,NL,2025-04-15 17:47:29
151,Retail,Liam Gagnon,liam.gagnon150@example.com,Canada,ON,2025-05-25 15:46:26
152,Retail,Daniel Turner,daniel.turner151@example.com,Canada,ON,2025-03-31 21:16:07
153,Retail,Bianca Perez,bianca.perez152@example.com,Canada,BC,2024-09-19 03:51:39
154,Retail,Waleed Reed,waleed.reed153@example.com,USA,MI,2025-02-05 23:42:51
155,Retail,Aisha Stewart,aisha.stewart154@example.com,Canada,ON,2025-06-05 02:01:48
156,Retail,Fatima Baker,fatima.baker155@example.com,USA,PA,2025-02-08 02:49:22
157,Retail,Farah Stewart,farah.stewart156@example.com,Canada,PE,2025-03-21 09:21:42
158,Retail,Lena Young,lena.young157@example.com,USA,MI,2025-06-30 21:42:01
159,Retail,Tyler Phillips,tyler.phillips158@example.com,Canada,MB,2024-11-30 08:47:00
160,Retail,Ben Martin,ben.martin159@example.com,USA,NY,2025-08-06 23:37:55
161,Retail,Daniel Rogers,daniel.rogers160@example.com,Canada,NL,2025-01-21 06:39:38
162,Retail,Gabriel Rivera,gabriel.rivera161@example.com,USA,NJ,2025-02-23 18:40:11
163,Retail,Tyler Phillips,tyler.phillips162@example.com,Canada,PE,2025-06-29 22:30:34
164,Retail,Jonah Hill,jonah.hill163@example.com,USA,NY,2025-01-28 05:46:13
165,Retail,Nora Campbell,nora.campbell164@example.com,Canada,BC,2025-02-23 05:18:10
166,Retail,Ethan Edwards,ethan.edwards165@example.com,Canada,AB,2025-06-16 17:57:48
167,Retail,Kiana Young,kiana.young166@example.com,USA,MA,2024-11-05 06:26:00
168,Retail,Maya Rivera,maya.rivera167@example.com,USA,WA,2025-07-12 03:07:26
169,Retail,Yara King,yara.king168@example.com,Canada,BC,2025-01-10 06:13:50
170,Retail,Victor Lopez,victor.lopez169@example.com,Canada,NS,2025-09-07 12:35:04
171,Retail,Kiana Hill,kiana.hill170@example.com,USA,MA,2025-02-17 12:29:10
172,Retail,Maya Singh,maya.singh171@example.com,Canada,NS,2025-01-10 04:40:57
173,Retail,Amina Davis,amina.davis172@example.com,USA,TX,2025-03-20 23:31:55
174,Retail,Maya Turner,maya.turner173@example.com,Canada,BC,2025-09-06 09:38:26
175,Retail,Ben Mitchell,ben.mitchell174@example.com,USA,OH,2025-03-27 12:21:27
176,Retail,Alex Collins,alex.collins175@example.com,USA,NC,2025-04-21 02:20:37
177,Retail,Omar Campbell,omar.campbell176@example.com,Canada,NL,2025-01-20 20:19:21
178,Retail,Chloe Bell,chloe.bell177@example.com,USA,FL,2024-12-03 07:32:06
179,Retail,Bianca Morris,bianca.morris178@example.com,Canada,NL,2025-01-22 21:32:07
180,Retail,Waleed Turner,waleed.turner179@example.com,USA,CO,2024-12-17 22:38:36
181,Retail,Riley Davis,riley.davis180@example.com,USA,GA,2025-08-27 06:30:40
182,Retail,Amina Nguyen,amina.nguyen181@example.com,USA,NC,2024-10-08 03:01:31
183,Retail,Chloe Carter,chloe.carter182@example.com,Canada,SK,2025-05-27 12:21:32
184,Retail,Jack Shah,jack.shah183@example.com,USA,OH,2025-06-15 13:06:47
185,Retail,Noah Baker,noah.baker184@example.com,Canada,ON,2024-12-03 11:00:34
186,Retail,Khadija Reed,khadija.reed185@example.com,Canada,ON,2025-09-03 13:36:46
187,Retail,Jonah Patel,jonah.patel186@example.com,USA,PA,2025-02-28 20:04:18
188,Retail,Ben Shah,ben.shah187@example.com,Canada,PE,2024-12-08 05:30:58
189,Retail,Aiden Gagnon,aiden.gagnon188@example.com,Canada,NB,2025-07-26 19:45:12
190,Retail,Waleed Carter,waleed.carter189@example.com,USA,OH,2025-06-01 23:48:59
191,Retail,Max Evans,max.evans190@example.com,Canada,ON,2025-05-16 21:28:36
192,Retail,Maya Turner,maya.turner191@example.com,Canada,QC,2025-05-01 21:17:33
193,Retail,Sophia Gagnon,sophia.gagnon192@example.com,USA,FL,2025-05-05 00:09:06
194,Retail,Waleed Gagnon,waleed.gagnon193@example.com,USA,PA,2025-03-09 11:00:54
195,Retail,Amina Wilson,amina.wilson194@example.com,Canada,AB,2025-03-10 03:29:13
196,Retail,Chloe Murphy,chloe.murphy195@example.com,Canada,NS,2025-01-27 06:09:57
197,Retail,Noah Hill,noah.hill196@example.com,USA,WA,2024-12-11 10:42:03
198,Retail,Diego Wright,diego.wright197@example.com,USA,OH,2025-03-02 11:00:02
199,Retail,Olivia Collins,olivia.collins198@example.com,USA,FL,2024-12-02 12:46:08
200,Retail,Jack Carter,jack.carter199@example.com,USA,GA,2025-04-17 14:09:54
201,Retail,Jad Murphy,jad.murphy200@example.com,USA,NJ,2024-10-05 06:00:52
202,Retail,Yara Turner,yara.turner201@example.com,USA,AZ,2025-01-05 11:24:02
203,Retail,Elena Carter,elena.carter202@example.com,Canada,BC,2025-03-15 22:06:20
204,Retail,Alex Adams,alex.adams203@example.com,USA,MA,2025-06-12 03:20:23
205,Retail,Nora Evans,nora.evans204@example.com,Canada,MB,2025-04-05 05:04:23
206,Retail,Olivia Chen,olivia.chen205@example.com,Canada,NL,2024-10-24 14:03:36
207,Retail,Elena Wilson,elena.wilson206@example.com,USA,MA,2024-10-26 05:15:07
208,Retail,Max Bell,max.bell207@example.com,Canada,NB,2025-08-26 16:26:44
209,Retail,Priya Wright,priya.wright208@example.com,Canada,AB,2024-09-16 18:07:59
210,Retail,Uma Brown,uma.brown209@example.com,Canada,AB,2025-07-28 15:06:15
211,Retail,Grace Garcia,grace.garcia210@example.com,USA,AZ,2024-11-18 18:37:18
212,Retail,Isabella Hill,isabella.hill211@example.com,USA,WA,2024-09-20 04:06:28
213,Retail,Omar Turner,omar.turner212@example.com,USA,PA,2025-02-08 10:20:20
214,Retail,Zoe Mitchell,zoe.mitchell213@example.com,Canada,AB,2024-11-25 18:06:48
215,Retail,Ibrahim Parker,ibrahim.parker214@example.com,USA,IL,2024-11-22 08:00:25
216,Retail,Quinn Lee,quinn.lee215@example.com,Canada,SK,2025-02-08 20:40:50
217,Retail,Riley Perez,riley.perez216@example.com,Canada,QC,2025-02-16 08:33:04
218,Retail,Dalia Young,dalia.young217@example.com,USA,NY,2025-01-11 21:07:18
219,Retail,Aiden Green,aiden.green218@example.com,USA,GA,2025-03-17 19:58:57
220,Retail,Xavier Hill,xavier.hill219@example.com,Canada,MB,2025-06-01 14:09:54
221,Retail,Liam Rivera,liam.rivera220@example.com,Canada,PE,2025-01-16 10:26:57
222,Retail,Omar Baker,omar.baker221@example.com,USA,CA,2025-07-25 04:24:19
223,Retail,Alex Reed,alex.reed222@example.com,Canada,NB,2024-12-01 12:11:42
224,Retail,Khadija Parker,khadija.parker223@example.com,Canada,NL,2025-08-25 01:00:40
225,Retail,Sara Martinez,sara.martinez224@example.com,USA,PA,2025-05-05 07:47:50
226,Retail,Isabella Tremblay,isabella.tremblay225@example.com,USA,MI,2025-03-23 08:12:45
227,Retail,Priya Stewart,priya.stewart226@example.com,Canada,QC,2024-09-16 01:25:26
228,Retail,Yara Morris,yara.morris227@example.com,USA,OH,2025-04-04 12:23:37
229,Retail,Riley Gagnon,riley.gagnon228@example.com,USA,AZ,2025-01-02 18:15:58
230,Retail,Dalia Murphy,dalia.murphy229@example.com,Canada,MB,2025-06-03 06:56:29
231,Retail,Dalia Stewart,dalia.stewart230@example.com,Canada,PE,2025-08-29 13:42:53
232,Retail,Jack Cook,jack.cook231@example.com,Canada,NS,2024-12-18 11:44:59
233,Retail,Quinn Campbell,quinn.campbell232@example.com,Canada,MB,2025-04-23 12:18:59
234,Retail,Uma Rivera,uma.rivera233@example.com,Canada,ON,2025-01-26 12:14:51
235,Retail,Xavier Morgan,xavier.morgan234@example.com,USA,FL,2024-12-24 23:55:50
236,Retail,Hassan Garcia,hassan.garcia235@example.com,USA,FL,2025-04-25 14:33:27
237,Retail,Isabella Mitchell,isabella.mitchell236@example.com,USA,CA,2025-06-16 06:04:28
238,Retail,Caleb Rivera,caleb.rivera237@example.com,USA,NC,2025-03-02 18:04:55
239,Retail,Quinn Stewart,quinn.stewart238@example.com,USA,MI,2024-12-05 07:49:36
240,Retail,Max Gagnon,max.gagnon239@example.com,Canada,NB,2025-07-25 05:51:41
241,Retail,Riley Carter,riley.carter240@example.com,USA,PA,2025-06-10 11:33:26
242,Retail,Noah Baker,noah.baker241@example.com,USA,OH,2025-07-10 10:55:29
243,Retail,Jad Rogers,jad.rogers242@example.com,USA,WA,2025-05-30 04:21:00
244,Retail,Nora Scott,nora.scott243@example.com,USA,NY,2024-10-07 07:56:01
245,Retail,Aiden Roberts,aiden.roberts244@example.com,USA,PA,2024-12-15 17:23:04
246,Retail,Waleed Brown,waleed.brown245@example.com,Canada,AB,2025-08-24 09:30:59
247,Retail,Fatima Brown,fatima.brown246@example.com,USA,PA,2024-12-23 21:42:04
248,Retail,Farah Singh,farah.singh247@example.com,Canada,PE,2025-07-11 09:43:06
249,Retail,Amina Chen,amina.chen248@example.com,Canada,SK,2025-08-05 03:11:41
250,Retail,Hannah Martin,hannah.martin249@example.com,USA,NJ,2025-03-30 18:23:41
251,Retail,Diego Moore,diego.moore250@example.com,Canada,ON,2025-04-23 17:59:11
252,Retail,Priya Edwards,priya.edwards251@example.com,Canada,BC,2024-11-30 07:53:34
253,Retail,Ibrahim Murray,ibrahim.murray252@example.com,Canada,PE,2025-09-03 14:38:48
254,Retail,Xavier Reed,xavier.reed253@example.com,Canada,BC,2025-06-16 13:03:43
255,Retail,Yara Bell,yara.bell254@example.com,USA,NY,2025-02-25 21:26:40
256,Retail,Hassan Roy,hassan.roy255@example.com,USA,IL,2025-05-04 03:55:18
257,Retail,Zoe Parker,zoe.parker256@example.com,Canada,NL,2025-01-02 19:27:49
258,Retail,Noah Cook,noah.cook257@example.com,USA,PA,2025-08-30 22:42:58
259,Retail,Ibrahim Wilson,ibrahim.wilson258@example.com,Canada,NL,2025-03-22 12:39:41
260,Retail,Lena Martinez,lena.martinez259@example.com,Canada,NL,2025-04-29 01:47:19
261,Retail,Victor Adams,victor.adams260@example.com,Canada,NB,2025-01-10 13:57:59
262,Retail,Maya Davis,maya.davis261@example.com,Canada,PE,2025-08-04 17:21:34
263,Retail,Emma Martinez,emma.martinez262@example.com,USA,NJ,2025-09-07 21:05:01
264,Retail,Sara Parker,sara.parker263@example.com,Canada,BC,2024-09-30 08:08:10
265,Retail,Caleb Edwards,caleb.edwards264@example.com,USA,TX,2025-09-02 22:31:38
266,Retail,Xavier Brown,xavier.brown265@example.com,Canada,SK,2024-10-20 05:36:04
267,Retail,Hannah Lee,hannah.lee266@example.com,Canada,BC,2025-07-02 04:10:16
268,Retail,Diego Moore,diego.moore267@example.com,Canada,AB,2024-12-11 13:36:35
269,Retail,Ben Baker,ben.baker268@example.com,Canada,QC,2025-04-18 08:25:00
270,Retail,Max King,max.king269@example.com,USA,AZ,2024-10-17 01:36:02
271,Retail,Elena Green,elena.green270@example.com,USA,NY,2025-02-09 20:39:09
272,Retail,Fatima Davis,fatima.davis271@example.com,USA,NC,2025-07-05 01:26:30
273,Retail,Aisha Cook,aisha.cook272@example.com,Canada,AB,2025-06-05 10:20:01
274,Retail,Alex Morris,alex.morris273@example.com,USA,CO,2025-06-18 17:42:11
275,Retail,Ivy Phillips,ivy.phillips274@example.com,Canada,SK,2025-06-07 10:27:51
276,Retail,Priya Murphy,priya.murphy275@example.com,Canada,NL,2025-01-09 06:30:13
277,Retail,Hannah Martinez,hannah.martinez276@example.com,USA,OH,2025-04-07 11:22:23
278,Retail,Kiana Mitchell,kiana.mitchell277@example.com,USA,TX,2025-02-11 18:19:28
279,Retail,Xavier Martin,xavier.martin278@example.com,Canada,NL,2025-07-15 19:06:22
280,Retail,Zoe Perez,zoe.perez279@example.com,Canada,NS,2025-03-13 09:02:17
281,Retail,Ivy Shah,ivy.shah280@example.com,Canada,QC,2025-05-28 10:56:14
282,Retail,Jonah Parker,jonah.parker281@example.com,Canada,QC,2025-02-14 18:24:00
283,Retail,Alex Green,alex.green282@example.com,Canada,BC,2024-11-13 22:29:51
284,Retail,Amina Bailey,amina.bailey283@example.com,Canada,AB,2025-07-21 15:33:58
285,Retail,Maya Carter,maya.carter284@example.com,USA,CO,2025-01-04 17:07:01
286,Retail,Leo Wilson,leo.wilson285@example.com,Canada,NL,2025-02-10 02:49:57
287,Retail,Maya Murphy,maya.murphy286@example.com,Canada,AB,2025-01-25 06:57:23
288,Retail,Emma King,emma.king287@example.com,Canada,MB,2025-02-14 23:28:57
289,Retail,Isabella Wright,isabella.wright288@example.com,USA,IL,2025-05-16 17:24:03
290,Retail,Hassan Ali,hassan.ali289@example.com,Canada,BC,2024-09-27 04:10:04
291,Retail,Omar Martin,omar.martin290@example.com,Canada,NL,2025-06-08 17:36:11
292,Retail,Farah Cook,farah.cook291@example.com,Canada,BC,2024-10-26 14:19:46
293,Retail,Uma Chen,uma.chen292@example.com,Canada,BC,2025-08-20 10:07:18
294,Retail,Daniel Lopez,daniel.lopez293@example.com,Canada,NB,2025-03-29 04:25:27
295,Retail,Jad Tremblay,jad.tremblay294@example.com,USA,IL,2025-08-13 06:18:07
296,Retail,Yara Rivera,yara.rivera295@example.com,Canada,BC,2024-09-19 02:44:17
297,Retail,Ethan King,ethan.king296@example.com,USA,TX,2025-01-29 13:24:40
298,Retail,Ethan Morris,ethan.morris297@example.com,Canada,MB,2024-11-17 03:28:37
299,Retail,Hannah Morris,hannah.morris298@example.com,Canada,AB,2024-11-13 02:31:03
300,Retail,Diego Patel,diego.patel299@example.com,Canada,NS,2025-05-06 11:20:58
301,Retail,Aisha Perez,aisha.perez300@example.com,USA,IL,2025-07-15 10:42:47
302,Retail,Nora Edwards,nora.edwards301@example.com,Canada,ON,2025-07-28 06:58:08
303,Retail,Chloe Gagnon,chloe.gagnon302@example.com,Canada,SK,2025-08-16 17:50:50
304,Retail,Quinn Murray,quinn.murray303@example.com,Canada,NB,2024-09-20 05:12:24
305,Retail,Chloe Reed,chloe.reed304@example.com,Canada,NL,2024-11-15 19:49:10
306,Retail,Victor Garcia,victor.garcia305@example.com,Canada,QC,2025-04-11 16:43:12
307,Retail,Caleb Rivera,caleb.rivera306@example.com,USA,PA,2024-11-18 10:43:40
308,Retail,Daniel Carter,daniel.carter307@example.com,Canada,ON,2025-06-10 14:32:14
309,Retail,Isabella Wright,isabella.wright308@example.com,USA,WA,2025-06-08 03:02:07
310,Retail,Jad Cook,jad.cook309@example.com,Canada,AB,2025-03-11 14:05:07
311,Retail,Waleed Singh,waleed.singh310@example.com,USA,CO,2025-05-10 00:49:38
312,Retail,Nora Rivera,nora.rivera311@example.com,USA,GA,2025-08-02 01:30:38
313,Retail,Uma Murray,uma.murray312@example.com,Canada,BC,2025-02-03 10:02:23
314,Retail,Ivy King,ivy.king313@example.com,Canada,QC,2025-04-17 22:55:02
315,Retail,Hassan Stewart,hassan.stewart314@example.com,USA,MA,2025-07-17 19:20:11
316,Retail,Daniel Ali,daniel.ali315@example.com,USA,NY,2025-01-22 12:10:35
317,Retail,Max Wilson,max.wilson316@example.com,Canada,NS,2025-06-19 16:14:27
318,Retail,Sara Rogers,sara.rogers317@example.com,Canada,AB,2025-06-20 13:52:16
319,Retail,Fatima King,fatima.king318@example.com,Canada,NS,2025-08-03 19:25:52
320,Retail,Quinn Singh,quinn.singh319@example.com,USA,CO,2025-01-23 10:00:28
321,Retail,Ethan Evans,ethan.evans320@example.com,USA,CA,2025-07-17 06:34:33
322,Retail,Ethan Carter,ethan.carter321@example.com,USA,CA,2025-07-01 16:02:53
323,Retail,Ibrahim Rogers,ibrahim.rogers322@example.com,Canada,NS,2025-02-02 15:27:51
324,Retail,Bianca Murphy,bianca.murphy323@example.com,Canada,BC,2025-06-02 05:49:33
325,Retail,Omar Ali,omar.ali324@example.com,Canada,BC,2024-09-30 08:43:56
326,Retail,Zoe Morris,zoe.morris325@example.com,Canada,PE,2025-08-02 02:55:49
327,Retail,Chloe Johnson,chloe.johnson326@example.com,USA,AZ,2025-04-27 09:09:42
328,Retail,Xavier Moore,xavier.moore327@example.com,USA,FL,2025-07-05 00:51:11
329,Retail,Daniel Murphy,daniel.murphy328@example.com,USA,WA,2025-06-11 14:35:16
330,Retail,Ethan Chen,ethan.chen329@example.com,Canada,AB,2025-06-14 20:26:10
331,Retail,Nora Campbell,nora.campbell330@example.com,Canada,SK,2025-02-06 15:21:13
332,Retail,Caleb Nguyen,caleb.nguyen331@example.com,USA,NC,2025-06-30 22:55:43
333,Retail,Caleb Lee,caleb.lee332@example.com,Canada,NL,2025-03-16 02:13:59
334,Retail,Sophia Lee,sophia.lee333@example.com,USA,WA,2025-04-01 01:58:50
335,Retail,Grace Baker,grace.baker334@example.com,Canada,NB,2024-10-14 13:17:27
336,Retail,Emma Roy,emma.roy335@example.com,Canada,PE,2025-04-20 11:41:46
337,Retail,Sophia Cook,sophia.cook336@example.com,USA,CO,2025-04-05 17:59:40
338,Retail,Grace Parker,grace.parker337@example.com,USA,MI,2025-05-25 03:07:03
339,Retail,Hannah Bell,hannah.bell338@example.com,USA,FL,2024-12-24 13:59:10
340,Retail,Riley Bailey,riley.bailey339@example.com,USA,MA,2025-01-04 03:28:06
341,Retail,Omar Chen,omar.chen340@example.com,USA,NY,2024-12-27 21:08:50
342,Retail,Ethan Garcia,ethan.garcia341@example.com,Canada,PE,2025-08-24 16:29:58
343,Retail,Khadija Brown,khadija.brown342@example.com,USA,OH,2024-11-19 19:33:33
344,Retail,Quinn Tremblay,quinn.tremblay343@example.com,Canada,NS,2025-06-29 19:14:28
345,Retail,Fatima Collins,fatima.collins344@example.com,USA,OH,2025-03-13 04:48:44
346,Retail,Gabriel Rivera,gabriel.rivera345@example.com,USA,MA,2025-05-15 08:23:58
347,Retail,Olivia Moore,olivia.moore346@example.com,Canada,AB,2025-01-25 18:38:48
348,Retail,Elena Wright,elena.wright347@example.com,Canada,BC,2025-02-24 04:17:57
349,Retail,Alex Reed,alex.reed348@example.com,USA,WA,2025-01-07 16:26:22
350,Retail,Priya Tremblay,priya.tremblay349@example.com,USA,GA,2025-08-16 19:25:57
351,Retail,Emma Morris,emma.morris350@example.com,USA,IL,2025-08-17 16:55:33
352,Retail,Xavier Morris,xavier.morris351@example.com,USA,CO,2024-10-01 06:08:34
353,Retail,Isabella Parker,isabella.parker352@example.com,USA,CA,2024-09-20 01:44:45
354,Retail,Elena Green,elena.green353@example.com,Canada,NS,2024-12-06 20:27:42
355,Retail,Hassan Johnson,hassan.johnson354@example.com,Canada,NL,2025-04-16 09:01:37
356,Retail,Bianca Patel,bianca.patel355@example.com,USA,NJ,2025-01-04 17:01:37
357,Retail,Jonah Bailey,jonah.bailey356@example.com,USA,PA,2025-01-28 07:55:49
358,Retail,Ibrahim Gagnon,ibrahim.gagnon357@example.com,USA,IL,2025-01-16 05:50:00
359,Retail,Uma Morgan,uma.morgan358@example.com,USA,AZ,2025-07-17 03:42:53
360,Retail,Brianna Bailey,brianna.bailey359@example.com,Canada,MB,2025-01-21 09:22:10
361,Retail,Caleb Patel,caleb.patel360@example.com,USA,FL,2025-03-06 21:59:44
362,Retail,Tyler Evans,tyler.evans361@example.com,Canada,NB,2025-02-07 06:10:31
363,Retail,Hannah Davis,hannah.davis362@example.com,USA,GA,2025-04-24 19:08:49
364,Retail,Omar Bailey,omar.bailey363@example.com,USA,MA,2025-06-16 22:26:48
365,Retail,Elena Wright,elena.wright364@example.com,USA,CA,2025-01-13 03:25:42
366,Retail,Brianna Davis,brianna.davis365@example.com,USA,CA,2025-02-02 05:37:26
367,Retail,Priya Morris,priya.morris366@example.com,USA,CA,2025-01-04 20:13:16
368,Retail,Amina Chen,amina.chen367@example.com,Canada,SK,2025-07-30 21:06:44
369,Retail,Aisha Brown,aisha.brown368@example.com,Canada,ON,2025-05-25 15:36:52
370,Retail,Nora Baker,nora.baker369@example.com,Canada,PE,2024-11-01 22:46:51
371,Retail,Hannah Garcia,hannah.garcia370@example.com,USA,MI,2024-12-23 16:24:06
372,Retail,Jack Carter,jack.carter371@example.com,USA,GA,2024-12-22 10:28:08
373,Retail,Omar Patel,omar.patel372@example.com,Canada,NB,2024-12-28 08:28:27
374,Retail,Isabella Murray,isabella.murray373@example.com,Canada,PE,2025-01-11 22:26:59
375,Retail,Khadija Tremblay,khadija.tremblay374@example.com,Canada,BC,2024-12-12 18:52:58
376,Retail,Chloe Perez,chloe.perez375@example.com,Canada,QC,2025-01-23 03:28:35
377,Retail,Khadija Martin,khadija.martin376@example.com,Canada,SK,2024-10-27 08:54:05
378,Retail,Brianna Campbell,brianna.campbell377@example.com,USA,CA,2025-09-10 18:03:18
379,Retail,Ivy Parker,ivy.parker378@example.com,USA,AZ,2024-09-24 16:29:51
380,Retail,Nora Bailey,nora.bailey379@example.com,USA,NC,2024-09-24 02:19:21
381,Retail,Jack Baker,jack.baker380@example.com,USA,MI,2025-04-28 17:18:43
382,Retail,Maya Lee,maya.lee381@example.com,Canada,QC,2025-08-13 01:15:25
383,Retail,Jonah Bell,jonah.bell382@example.com,Canada,SK,2024-10-27 03:53:22
384,Retail,Sara Reed,sara.reed383@example.com,Canada,BC,2025-03-15 23:58:18
385,Retail,Amina Murray,amina.murray384@example.com,Canada,NL,2025-07-26 12:00:00
386,Retail,Diego Bailey,diego.bailey385@example.com,USA,IL,2024-12-17 04:02:24
387,Retail,Jonah Collins,jonah.collins386@example.com,Canada,MB,2025-01-29 01:43:43
388,Retail,Lena Stewart,lena.stewart387@example.com,Canada,NS,2025-01-30 06:00:41
389,Retail,Max Patel,max.patel388@example.com,USA,GA,2024-10-11 00:38:46
390,Retail,Riley Rivera,riley.rivera389@example.com,Canada,NL,2024-12-06 20:32:29
391,Retail,Max Mitchell,max.mitchell390@example.com,Canada,PE,2024-11-20 05:13:42
392,Retail,Priya Adams,priya.adams391@example.com,USA,NJ,2024-09-21 11:43:32
393,Retail,Fatima Gagnon,fatima.gagnon392@example.com,USA,MA,2024-09-15 15:09:52
394,Retail,Maya Bailey,maya.bailey393@example.com,Canada,NS,2025-05-27 15:56:40
395,Retail,Lena Perez,lena.perez394@example.com,Canada,SK,2024-12-08 13:47:23
396,Retail,Olivia Carter,olivia.carter395@example.com,USA,CO,2025-07-30 07:00:40
397,Retail,Nora Adams,nora.adams396@example.com,Canada,ON,2025-02-11 06:29:21
398,Retail,Xavier Gagnon,xavier.gagnon397@example.com,USA,NY,2024-12-13 12:17:50
399,Retail,Liam Walker,liam.walker398@example.com,Canada,SK,2025-04-17 04:17:41
400,Retail,Hassan Evans,hassan.evans399@example.com,Canada,ON,2025-06-06 09:54:24
401,Retail,Farah Collins,farah.collins400@example.com,Canada,PE,2024-10-05 00:26:01
402,Retail,Zoe Gagnon,zoe.gagnon401@example.com,USA,FL,2025-01-26 09:57:01
403,Retail,Yara Collins,yara.collins402@example.com,Canada,NB,2025-05-06 06:49:46
404,Retail,Aisha Campbell,aisha.campbell403@example.com,Canada,QC,2025-08-13 07:37:07
405,Retail,Maya Perez,maya.perez404@example.com,USA,PA,2025-06-25 20:02:24
406,Retail,Quinn Garcia,quinn.garcia405@example.com,Canada,NL,2025-07-21 08:53:32
407,Retail,Jonah Ali,jonah.ali406@example.com,USA,OH,2024-11-16 18:32:15
408,Retail,Farah Phillips,farah.phillips407@example.com,USA,MI,2025-02-05 00:51:33
409,Retail,Bianca Cook,bianca.cook408@example.com,USA,NJ,2025-08-08 19:56:19
410,Retail,Jad Johnson,jad.johnson409@example.com,Canada,ON,2025-03-09 16:01:02
411,Retail,Nora Rivera,nora.rivera410@example.com,USA,CO,2024-09-21 23:03:29
412,Retail,Caleb Wilson,caleb.wilson411@example.com,Canada,PE,2025-03-10 02:17:54
413,Retail,Olivia Reed,olivia.reed412@example.com,Canada,AB,2025-06-05 14:18:48
414,Retail,Uma Stewart,uma.stewart413@example.com,Canada,SK,2025-02-12 02:56:21
415,Retail,Riley Bell,riley.bell414@example.com,USA,CA,2025-07-03 21:22:08
416,Retail,Lena Green,lena.green415@example.com,Canada,PE,2024-12-22 10:39:49
417,Retail,Liam Garcia,liam.garcia416@example.com,USA,NC,2024-10-21 10:25:58
418,Retail,Ibrahim Perez,ibrahim.perez417@example.com,USA,FL,2025-05-10 17:15:03
419,Retail,Ethan Young,ethan.young418@example.com,Canada,NL,2025-01-26 03:57:15
420,Retail,Leo Adams,leo.adams419@example.com,Canada,ON,2025-04-01 09:26:28
421,Retail,Hannah Garcia,hannah.garcia420@example.com,Canada,PE,2025-05-07 23:10:51
422,Retail,Aisha Johnson,aisha.johnson421@example.com,USA,CO,2025-04-20 04:07:36
423,Retail,Farah Hill,farah.hill422@example.com,USA,CA,2025-08-03 07:31:19
424,Retail,Aisha Carter,aisha.carter423@example.com,Canada,QC,2024-11-20 00:18:03
425,Retail,Tyler Wright,tyler.wright424@example.com,Canada,BC,2025-06-12 20:09:38
426,Retail,Omar Garcia,omar.garcia425@example.com,Canada,BC,2024-10-10 14:03:13
427,Retail,Amina Phillips,amina.phillips426@example.com,USA,CA,2025-06-23 09:05:40
428,Retail,Noah Reed,noah.reed427@example.com,Canada,NB,2024-11-22 11:48:08
429,Retail,Maya Edwards,maya.edwards428@example.com,Canada,AB,2025-09-07 01:52:04
430,Retail,Caleb Wright,caleb.wright429@example.com,Canada,MB,2025-09-06 21:05:11
431,Retail,Aiden King,aiden.king430@example.com,USA,AZ,2025-08-23 05:34:59
432,Retail,Nora Patel,nora.patel431@example.com,Canada,BC,2024-11-07 17:22:29
433,Retail,Ibrahim Tremblay,ibrahim.tremblay432@example.com,Canada,QC,2024-09-16 12:01:32
434,Retail,Jonah Shah,jonah.shah433@example.com,USA,MI,2025-06-15 02:21:59
435,Retail,Jack Johnson,jack.johnson434@example.com,Canada,MB,2025-07-21 13:56:57
436,Retail,Hassan Roberts,hassan.roberts435@example.com,Canada,BC,2025-09-07 21:07:59
437,Retail,Fatima Roy,fatima.roy436@example.com,USA,IL,2025-03-02 06:28:19
438,Retail,Daniel Lee,daniel.lee437@example.com,Canada,NS,2024-12-13 20:56:02
439,Retail,Ivy Wilson,ivy.wilson438@example.com,USA,IL,2024-09-26 12:49:56
440,Retail,Ibrahim Wright,ibrahim.wright439@example.com,USA,PA,2025-05-01 18:56:00
441,Retail,Victor Singh,victor.singh440@example.com,USA,CO,2025-07-24 14:27:11
442,Retail,Tyler Campbell,tyler.campbell441@example.com,USA,NY,2024-09-28 05:12:04
443,Retail,Tyler Reed,tyler.reed442@example.com,USA,OH,2025-07-20 02:27:11
444,Retail,Daniel Cook,daniel.cook443@example.com,USA,NY,2025-08-26 22:11:18
445,Retail,Hannah Walker,hannah.walker444@example.com,Canada,PE,2025-02-26 06:51:05
446,Retail,Omar Murray,omar.murray445@example.com,Canada,MB,2025-08-07 18:05:31
447,Retail,Bianca Martinez,bianca.martinez446@example.com,USA,OH,2025-04-21 21:35:35
448,Retail,Sophia Lopez,sophia.lopez447@example.com,USA,TX,2025-07-15 15:00:41
449,Retail,Priya Walker,priya.walker448@example.com,Canada,NB,2025-09-03 16:17:49
450,Retail,Sophia Green,sophia.green449@example.com,USA,NY,2025-04-27 23:57:22
451,Retail,Olivia Evans,olivia.evans450@example.com,Canada,PE,2025-03-29 16:16:09
452,Retail,Leo Turner,leo.turner451@example.com,USA,MA,2025-05-07 04:54:40
453,Retail,Waleed Campbell,waleed.campbell452@example.com,USA,TX,2025-02-04 17:26:59
454,Retail,Maya Walker,maya.walker453@example.com,USA,NJ,2024-11-06 21:51:56
455,Retail,Noah Johnson,noah.johnson454@example.com,Canada,ON,2024-12-21 21:03:49
456,Retail,Fatima Wilson,fatima.wilson455@example.com,Canada,BC,2025-01-31 10:13:35
457,Retail,Omar Carter,omar.carter456@example.com,USA,NC,2025-05-02 21:56:41
458,Retail,Bianca Phillips,bianca.phillips457@example.com,USA,OH,2024-11-16 06:32:38
459,Retail,Jad Collins,jad.collins458@example.com,Canada,QC,2025-09-08 18:16:27
460,Retail,Jonah King,jonah.king459@example.com,Canada,AB,2025-03-20 09:54:15
461,Retail,Maya Singh,maya.singh460@example.com,Canada,BC,2025-06-01 20:29:33
462,Retail,Xavier Patel,xavier.patel461@example.com,USA,IL,2025-01-29 07:50:13
463,Retail,Isabella Bailey,isabella.bailey462@example.com,USA,IL,2025-05-31 13:51:26
464,Retail,Caleb Collins,caleb.collins463@example.com,Canada,QC,2025-06-01 20:01:59
465,Retail,Grace Morgan,grace.morgan464@example.com,USA,NJ,2024-09-16 17:21:21
466,Retail,Fatima Shah,fatima.shah465@example.com,Canada,NL,2024-10-14 22:43:50
467,Retail,Kiana Walker,kiana.walker466@example.com,USA,TX,2025-01-01 03:19:32
468,Retail,Bianca Gagnon,bianca.gagnon467@example.com,USA,CO,2025-04-28 08:24:39
469,Retail,Maya King,maya.king468@example.com,Canada,AB,2024-11-13 15:40:28
470,Retail,Noah Hill,noah.hill469@example.com,USA,PA,2024-10-28 16:29:20
471,Retail,Olivia Singh,olivia.singh470@example.com,USA,WA,2025-02-01 18:53:30
472,Retail,Sophia Lopez,sophia.lopez471@example.com,USA,TX,2025-04-15 07:16:29
473,Retail,Xavier Roberts,xavier.roberts472@example.com,USA,CO,2025-03-06 02:06:58
474,Retail,Chloe Morgan,chloe.morgan473@example.com,USA,OH,2025-06-30 08:08:39
475,Retail,Alex Parker,alex.parker474@example.com,USA,FL,2024-12-19 22:53:52
476,Retail,Ethan Davis,ethan.davis475@example.com,USA,IL,2025-01-05 19:04:57
477,Retail,Hannah Morgan,hannah.morgan476@example.com,Canada,NL,2025-01-03 11:49:03
478,Retail,Khadija Ali,khadija.ali477@example.com,Canada,QC,2025-07-09 12:12:51
479,Retail,Chloe Bell,chloe.bell478@example.com,Canada,AB,2024-11-10 04:37:54
480,Retail,Liam Cook,liam.cook479@example.com,Canada,BC,2025-01-30 23:07:52
481,Retail,Alex Shah,alex.shah480@example.com,USA,NC,2025-05-20 11:53:05
482,Retail,Jack Gagnon,jack.gagnon481@example.com,USA,GA,2024-10-30 00:24:39
483,Retail,Xavier Lopez,xavier.lopez482@example.com,USA,OH,2024-10-06 02:29:11
484,Retail,Sophia Roberts,sophia.roberts483@example.com,Canada,NB,2025-08-06 09:17:30
485,Retail,Noah Martinez,noah.martinez484@example.com,USA,PA,2025-06-16 01:02:55
486,Retail,Yara Baker,yara.baker485@example.com,USA,CO,2025-08-15 02:57:53
487,Retail,Daniel Baker,daniel.baker486@example.com,USA,CA,2025-09-04 07:38:46
488,Retail,Jack King,jack.king487@example.com,USA,WA,2024-10-14 08:36:48
489,Retail,Jad Bell,jad.bell488@example.com,USA,OH,2024-11-25 03:56:53
490,Retail,Ibrahim Wright,ibrahim.wright489@example.com,USA,MA,2025-06-26 23:33:26
491,Retail,Tyler Evans,tyler.evans490@example.com,USA,WA,2025-03-14 15:56:25
492,Retail,Riley Hill,riley.hill491@example.com,Canada,NL,2025-06-13 16:57:42
493,Retail,Fatima Patel,fatima.patel492@example.com,Canada,AB,2025-05-17 18:43:56
494,Retail,Priya Johnson,priya.johnson493@example.com,Canada,SK,2025-01-11 23:11:45
495,Retail,Jonah Bell,jonah.bell494@example.com,Canada,MB,2025-08-19 00:48:32
496,Retail,Ben Lee,ben.lee495@example.com,Canada,NS,2025-07-20 14:43:33
497,Retail,Uma Wilson,uma.wilson496@example.com,Canada,NB,2025-04-19 20:55:46
498,Retail,Ben Brown,ben.brown497@example.com,Canada,ON,2024-09-28 00:05:55
499,Retail,Ben Patel,ben.patel498@example.com,Canada,ON,2024-10-10 12:43:53
500,Retail,Zoe Edwards,zoe.edwards499@example.com,USA,OH,2025-03-31 01:55:00
501,Retail,Dalia Turner,dalia.turner500@example.com,USA,PA,2025-05-07 15:04:09
502,Retail,Yara Lopez,yara.lopez501@example.com,USA,WA,2025-07-29 07:00:48
503,Retail,Brianna Rivera,brianna.rivera502@example.com,Canada,SK,2025-04-26 02:03:03
504,Retail,Isabella Rogers,isabella.rogers503@example.com,Canada,MB,2025-05-19 07:51:14
505,Retail,Tyler Patel,tyler.patel504@example.com,Canada,ON,2025-09-07 12:39:22
506,Retail,Elena Murphy,elena.murphy505@example.com,Canada,SK,2025-08-12 05:17:05
507,Retail,Fatima Young,fatima.young506@example.com,USA,PA,2025-01-05 04:18:01
508,Retail,Riley Morgan,riley.morgan507@example.com,USA,PA,2025-07-16 03:43:28
509,Retail,Amina Green,amina.green508@example.com,USA,CO,2025-09-02 12:26:49
510,Retail,Farah Young,farah.young509@example.com,Canada,NL,2025-07-22 19:54:11
511,Retail,Caleb Cook,caleb.cook510@example.com,USA,PA,2024-11-06 08:05:46
512,Retail,Sophia Patel,sophia.patel511@example.com,Canada,BC,2024-11-30 04:49:05
513,Retail,Lena Evans,lena.evans512@example.com,Canada,SK,2024-12-26 05:27:28
514,Retail,Tyler Campbell,tyler.campbell513@example.com,USA,CO,2025-05-26 03:02:46
515,Retail,Sara Rivera,sara.rivera514@example.com,USA,NY,2024-12-28 13:28:42
516,Retail,Tyler Walker,tyler.walker515@example.com,USA,IL,2024-10-31 11:56:35
517,Retail,Victor Cook,victor.cook516@example.com,USA,WA,2024-10-12 15:43:05
518,Retail,Grace Wilson,grace.wilson517@example.com,Canada,NS,2025-07-20 14:10:16
519,Retail,Ivy Murphy,ivy.murphy518@example.com,Canada,SK,2025-01-07 14:27:20
520,Retail,Kiana Edwards,kiana.edwards519@example.com,Canada,ON,2024-11-29 05:00:32
521,Retail,Diego Green,diego.green520@example.com,Canada,PE,2025-06-22 14:10:18
522,Retail,Sara Ali,sara.ali521@example.com,USA,WA,2025-01-19 22:21:25
523,Retail,Sara Phillips,sara.phillips522@example.com,USA,FL,2024-09-25 01:58:29
524,Retail,Tyler Rivera,tyler.rivera523@example.com,Canada,SK,2025-05-06 08:10:21
525,Retail,Hassan Martin,hassan.martin524@example.com,Canada,AB,2025-06-02 07:18:44
526,Retail,Zoe Lopez,zoe.lopez525@example.com,USA,AZ,2024-10-12 19:23:54
527,Retail,Elena Wright,elena.wright526@example.com,Canada,NS,2024-10-14 17:26:23
528,Retail,Tyler Wilson,tyler.wilson527@example.com,Canada,PE,2025-07-31 22:58:56
529,Retail,Jack Wilson,jack.wilson528@example.com,USA,NJ,2024-11-09 19:10:13
530,Retail,Liam Murphy,liam.murphy529@example.com,Canada,NL,2025-01-27 05:52:29
531,Retail,Chloe Collins,chloe.collins530@example.com,Canada,NS,2025-05-19 06:22:33
532,Retail,Ben Baker,ben.baker531@example.com,Canada,SK,2024-09-20 00:40:55
533,Retail,Chloe Edwards,chloe.edwards532@example.com,USA,CA,2025-03-06 19:37:02
534,Retail,Ivy King,ivy.king533@example.com,Canada,MB,2025-04-12 23:45:14
535,Retail,Amina Edwards,amina.edwards534@example.com,USA,GA,2025-06-21 12:09:39
536,Retail,Uma Gagnon,uma.gagnon535@example.com,Canada,BC,2024-09-21 18:00:02
537,Retail,Riley Adams,riley.adams536@example.com,Canada,AB,2024-12-20 13:38:49
538,Retail,Gabriel Patel,gabriel.patel537@example.com,Canada,NS,2025-04-30 16:11:28
539,Retail,Ivy Martinez,ivy.martinez538@example.com,USA,NC,2025-02-27 05:06:57
540,Retail,Sophia Green,sophia.green539@example.com,USA,FL,2025-08-16 10:54:47
541,Retail,Alex Phillips,alex.phillips540@example.com,USA,CA,2025-04-04 02:47:18
542,Retail,Priya Green,priya.green541@example.com,Canada,NS,2024-11-11 06:13:46
543,Retail,Quinn Reed,quinn.reed542@example.com,USA,FL,2025-06-30 03:32:02
544,Retail,Ben Chen,ben.chen543@example.com,USA,WA,2024-12-08 21:55:45
545,Retail,Ben Evans,ben.evans544@example.com,USA,OH,2025-03-15 03:28:36
546,Retail,Elena Lopez,elena.lopez545@example.com,USA,MA,2025-06-29 18:42:42
547,Retail,Lena Patel,lena.patel546@example.com,Canada,PE,2025-01-22 17:10:33
548,Retail,Ethan Roy,ethan.roy547@example.com,Canada,SK,2025-08-29 10:10:50
549,Retail,Leo Phillips,leo.phillips548@example.com,Canada,NB,2024-11-16 12:38:25
550,Retail,Ivy Roy,ivy.roy549@example.com,Canada,SK,2025-06-19 23:27:00
551,Retail,Khadija Nguyen,khadija.nguyen550@example.com,Canada,SK,2024-11-23 23:44:10
552,Retail,Caleb Evans,caleb.evans551@example.com,USA,IL,2025-08-20 05:48:05
553,Retail,Hassan Gagnon,hassan.gagnon552@example.com,USA,IL,2025-01-26 15:01:56
554,Retail,Alex Hill,alex.hill553@example.com,Canada,NL,2025-02-02 11:23:56
555,Retail,Uma Wilson,uma.wilson554@example.com,USA,CA,2025-09-05 11:24:39
556,Retail,Elena Bell,elena.bell555@example.com,Canada,SK,2025-04-25 08:10:30
557,Retail,Waleed Edwards,waleed.edwards556@example.com,USA,TX,2025-05-14 11:09:35
558,Retail,Isabella Chen,isabella.chen557@example.com,Canada,AB,2025-05-05 09:43:07
559,Retail,Ibrahim Hill,ibrahim.hill558@example.com,Canada,NS,2025-05-27 11:27:29
560,Retail,Liam Baker,liam.baker559@example.com,USA,IL,2025-05-29 15:28:34
561,Retail,Sara Moore,sara.moore560@example.com,Canada,MB,2025-04-06 16:11:54
562,Retail,Olivia Young,olivia.young561@example.com,USA,MI,2025-04-14 21:04:36
563,Retail,Khadija Murphy,khadija.murphy562@example.com,Canada,QC,2025-06-01 01:00:57
564,Retail,Yara Wright,yara.wright563@example.com,USA,NJ,2025-07-08 00:00:30
565,Retail,Bianca Rogers,bianca.rogers564@example.com,Canada,BC,2024-11-22 15:23:01
566,Retail,Zoe Collins,zoe.collins565@example.com,Canada,BC,2025-09-07 01:40:16
567,Retail,Waleed Roberts,waleed.roberts566@example.com,Canada,SK,2024-09-12 13:11:17
568,Retail,Aisha Gagnon,aisha.gagnon567@example.com,Canada,ON,2025-01-15 08:45:26
569,Retail,Sophia Reed,sophia.reed568@example.com,Canada,NL,2025-04-27 21:19:25
570,Retail,Farah Nguyen,farah.nguyen569@example.com,Canada,QC,2024-11-28 00:51:48
571,Retail,Fatima Phillips,fatima.phillips570@example.com,Canada,NS,2025-06-25 19:40:27
572,Retail,Lena Reed,lena.reed571@example.com,Canada,NL,2025-05-22 09:23:39
573,Retail,Yara Martin,yara.martin572@example.com,USA,AZ,2025-05-08 13:41:55
574,Retail,Hassan Campbell,hassan.campbell573@example.com,USA,WA,2025-08-04 03:01:05
575,Retail,Emma Tremblay,emma.tremblay574@example.com,Canada,PE,2025-03-15 14:21:16
576,Retail,Aisha Lee,aisha.lee575@example.com,Canada,PE,2024-12-14 19:19:41
577,Retail,Priya Martin,priya.martin576@example.com,Canada,BC,2025-07-11 06:02:25
578,Retail,Khadija Brown,khadija.brown577@example.com,USA,NJ,2025-05-11 11:30:23
579,Retail,Maya Lee,maya.lee578@example.com,Canada,ON,2025-04-26 13:55:36
580,Retail,Leo Ali,leo.ali579@example.com,Canada,PE,2024-11-11 12:21:26
581,Retail,Ivy Perez,ivy.perez580@example.com,Canada,QC,2025-05-11 04:50:06
582,Retail,Sophia Phillips,sophia.phillips581@example.com,USA,CA,2025-01-29 00:25:04
583,Retail,Hassan Chen,hassan.chen582@example.com,Canada,ON,2024-10-13 17:16:08
584,Retail,Kiana Scott,kiana.scott583@example.com,USA,WA,2025-08-14 15:09:21
585,Retail,Sara Patel,sara.patel584@example.com,USA,NC,2025-02-06 21:32:38
586,Retail,Khadija Lee,khadija.lee585@example.com,Canada,BC,2025-08-04 03:56:00
587,Retail,Ibrahim Wilson,ibrahim.wilson586@example.com,Canada,NS,2025-08-12 22:29:16
588,Retail,Khadija Adams,khadija.adams587@example.com,USA,MA,2025-03-09 13:35:29
589,Retail,Riley Martinez,riley.martinez588@example.com,Canada,SK,2024-12-09 23:03:54
590,Retail,Kiana Brown,kiana.brown589@example.com,USA,CA,2025-07-21 06:19:33
591,Retail,Omar Nguyen,omar.nguyen590@example.com,Canada,NB,2025-04-19 13:00:20
592,Retail,Liam Moore,liam.moore591@example.com,Canada,NL,2024-10-30 02:43:56
593,Retail,Jonah Johnson,jonah.johnson592@example.com,USA,GA,2025-03-19 15:10:31
594,Retail,Khadija Singh,khadija.singh593@example.com,USA,TX,2024-09-14 11:28:34
595,Retail,Noah Nguyen,noah.nguyen594@example.com,USA,PA,2025-05-14 22:26:58
596,Retail,Khadija Green,khadija.green595@example.com,USA,MI,2025-01-25 03:39:54
597,Retail,Alex Roberts,alex.roberts596@example.com,USA,FL,2025-08-03 21:31:33
598,Retail,Yara King,yara.king597@example.com,Canada,MB,2025-07-19 07:27:05
599,Retail,Priya Adams,priya.adams598@example.com,USA,CA,2024-10-19 01:27:47
600,Retail,Khadija Shah,khadija.shah599@example.com,USA,FL,2024-10-20 22:09:04
601,Retail,Sara Shah,sara.shah600@example.com,USA,AZ,2025-01-17 04:56:30
602,Retail,Gabriel Baker,gabriel.baker601@example.com,USA,MI,2025-08-26 04:56:51
603,Retail,Riley Reed,riley.reed602@example.com,USA,MI,2025-08-08 15:29:55
604,Retail,Sara Cook,sara.cook603@example.com,Canada,NL,2025-02-19 06:20:07
605,Retail,Farah Hill,farah.hill604@example.com,USA,CO,2025-03-21 10:16:59
606,Retail,Isabella Mitchell,isabella.mitchell605@example.com,USA,CA,2024-10-10 01:40:16
607,Retail,Ibrahim Parker,ibrahim.parker606@example.com,USA,GA,2025-07-18 15:59:15
608,Retail,Tyler Singh,tyler.singh607@example.com,Canada,NS,2025-09-02 11:16:28
609,Retail,Caleb Campbell,caleb.campbell608@example.com,USA,IL,2024-09-24 06:21:49
610,Retail,Ibrahim Morgan,ibrahim.morgan609@example.com,USA,CA,2025-01-28 03:27:43
611,Retail,Waleed Campbell,waleed.campbell610@example.com,Canada,QC,2025-01-03 21:42:28
612,Retail,Emma Bell,emma.bell611@example.com,Canada,QC,2025-04-08 17:22:51
613,Retail,Caleb Ali,caleb.ali612@example.com,USA,IL,2025-08-24 15:30:13
614,Retail,Priya Parker,priya.parker613@example.com,USA,TX,2024-10-16 06:17:41
615,Retail,Diego Lee,diego.lee614@example.com,USA,MA,2025-07-22 16:46:07
616,Retail,Ibrahim Scott,ibrahim.scott615@example.com,USA,FL,2024-09-23 10:42:52
617,Retail,Emma Bell,emma.bell616@example.com,Canada,ON,2025-06-07 06:04:41
618,Retail,Nora Shah,nora.shah617@example.com,USA,FL,2025-03-08 16:16:34
619,Retail,Ben Stewart,ben.stewart618@example.com,Canada,AB,2025-02-03 11:48:58
620,Retail,Maya Morgan,maya.morgan619@example.com,USA,IL,2025-08-16 10:31:11
621,Retail,Max Brown,max.brown620@example.com,USA,TX,2025-05-08 00:41:52
622,Retail,Grace Cook,grace.cook621@example.com,USA,GA,2025-05-01 00:50:18
623,Retail,Liam Lee,liam.lee622@example.com,USA,CA,2025-06-07 22:35:13
624,Retail,Emma Wright,emma.wright623@example.com,Canada,AB,2024-12-13 10:19:32
625,Retail,Khadija Scott,khadija.scott624@example.com,USA,CA,2024-10-03 05:00:14
626,Retail,Noah Scott,noah.scott625@example.com,USA,NY,2024-09-27 00:49:05
627,Retail,Tyler Wilson,tyler.wilson626@example.com,Canada,NB,2025-06-25 06:39:30
628,Retail,Zoe King,zoe.king627@example.com,Canada,QC,2025-05-29 16:52:48
629,Retail,Zoe Roberts,zoe.roberts628@example.com,USA,WA,2025-02-27 21:02:15
630,Retail,Waleed Nguyen,waleed.nguyen629@example.com,Canada,QC,2025-02-12 18:18:57
631,Retail,Khadija Adams,khadija.adams630@example.com,USA,CA,2025-05-05 20:39:11
632,Retail,Caleb Moore,caleb.moore631@example.com,USA,MI,2025-05-05 16:07:21
633,Retail,Elena Reed,elena.reed632@example.com,Canada,PE,2025-08-30 11:32:25
634,Retail,Bianca Baker,bianca.baker633@example.com,USA,OH,2025-02-27 02:36:20
635,Retail,Quinn Martin,quinn.martin634@example.com,Canada,NL,2025-05-23 19:58:23
636,Retail,Liam Walker,liam.walker635@example.com,USA,NY,2025-01-30 03:54:08
637,Retail,Dalia Bell,dalia.bell636@example.com,USA,CA,2025-06-10 02:36:55
638,Retail,Aiden Moore,aiden.moore637@example.com,USA,CO,2025-08-17 10:58:09
639,Retail,Nora Murray,nora.murray638@example.com,Canada,PE,2024-11-12 12:39:05
640,Retail,Noah Rivera,noah.rivera639@example.com,Canada,QC,2025-02-07 13:10:42
641,Retail,Noah Perez,noah.perez640@example.com,Canada,NL,2025-08-18 12:49:55
642,Retail,Jad Scott,jad.scott641@example.com,USA,OH,2025-08-24 17:25:30
643,Retail,Kiana Moore,kiana.moore642@example.com,Canada,PE,2025-06-23 13:00:00
644,Retail,Aisha King,aisha.king643@example.com,USA,TX,2024-12-26 08:48:02
645,Retail,Amina Shah,amina.shah644@example.com,Canada,BC,2024-11-07 06:32:21
646,Retail,Gabriel Martinez,gabriel.martinez645@example.com,USA,OH,2025-09-01 08:24:57
647,Retail,Maya Chen,maya.chen646@example.com,Canada,AB,2024-12-23 06:44:57
648,Retail,Caleb Chen,caleb.chen647@example.com,USA,IL,2025-09-06 22:45:42
649,Retail,Leo Evans,leo.evans648@example.com,USA,OH,2024-10-30 18:09:24
650,Retail,Lena Mitchell,lena.mitchell649@example.com,Canada,AB,2024-12-27 11:59:22
651,Retail,Kiana Bell,kiana.bell650@example.com,Canada,NS,2025-06-06 02:39:36
652,Retail,Olivia Morgan,olivia.morgan651@example.com,Canada,AB,2024-12-24 13:05:02
653,Retail,Waleed Brown,waleed.brown652@example.com,Canada,NB,2025-03-02 07:02:28
654,Retail,Jad Rogers,jad.rogers653@example.com,Canada,NL,2024-12-13 17:57:07
655,Retail,Maya Adams,maya.adams654@example.com,Canada,BC,2024-10-25 22:26:09
656,Retail,Aisha Scott,aisha.scott655@example.com,Canada,AB,2024-12-29 18:57:31
657,Retail,Hannah Morris,hannah.morris656@example.com,Canada,ON,2025-05-02 08:57:22
658,Retail,Riley Martin,riley.martin657@example.com,USA,FL,2025-06-09 12:25:12
659,Retail,Ben Adams,ben.adams658@example.com,USA,OH,2024-12-29 17:35:31
660,Retail,Zoe Garcia,zoe.garcia659@example.com,USA,MA,2025-03-03 16:44:14
661,Retail,Kiana Roy,kiana.roy660@example.com,Canada,ON,2025-01-23 22:25:01
662,Retail,Sophia Carter,sophia.carter661@example.com,Canada,NB,2025-08-19 14:50:37
663,Retail,Quinn Wilson,quinn.wilson662@example.com,USA,MA,2025-05-26 22:58:50
664,Retail,Sara Morgan,sara.morgan663@example.com,USA,NC,2024-12-02 13:45:30
665,Retail,Emma Gagnon,emma.gagnon664@example.com,Canada,AB,2025-07-05 00:25:24
666,Retail,Liam Martinez,liam.martinez665@example.com,USA,AZ,2025-05-18 00:40:36
667,Retail,Nora Scott,nora.scott666@example.com,Canada,NB,2025-07-28 14:04:12
668,Retail,Amina Wright,amina.wright667@example.com,Canada,MB,2025-08-10 20:24:46
669,Retail,Jonah Brown,jonah.brown668@example.com,USA,TX,2025-05-16 07:58:30
670,Retail,Sophia Johnson,sophia.johnson669@example.com,Canada,ON,2025-03-30 14:19:42
671,Retail,Aisha Perez,aisha.perez670@example.com,USA,NY,2025-07-30 14:40:26
672,Retail,Kiana Lee,kiana.lee671@example.com,USA,OH,2025-08-17 14:46:56
673,Retail,Jad King,jad.king672@example.com,Canada,SK,2025-03-26 08:40:07
674,Retail,Fatima Roberts,fatima.roberts673@example.com,Canada,QC,2024-11-30 22:15:29
675,Retail,Liam Lee,liam.lee674@example.com,Canada,QC,2025-06-07 12:23:51
676,Retail,Daniel Bell,daniel.bell675@example.com,USA,AZ,2025-06-13 06:09:51
677,Retail,Diego Parker,diego.parker676@example.com,Canada,ON,2024-09-23 10:32:51
678,Retail,Ibrahim Wilson,ibrahim.wilson677@example.com,USA,AZ,2024-11-29 16:08:02
679,Retail,Max Parker,max.parker678@example.com,USA,NC,2025-04-05 08:10:50
680,Retail,Noah Perez,noah.perez679@example.com,USA,CO,2025-05-08 06:17:44
681,Retail,Ibrahim Young,ibrahim.young680@example.com,Canada,MB,2025-06-08 10:50:23
682,Retail,Emma Edwards,emma.edwards681@example.com,USA,MA,2025-05-07 10:38:02
683,Retail,Yara Morris,yara.morris682@example.com,Canada,BC,2025-04-27 15:12:57
684,Retail,Khadija Tremblay,khadija.tremblay683@example.com,USA,CO,2025-07-22 01:19:03
685,Retail,Hannah Morgan,hannah.morgan684@example.com,Canada,NB,2024-10-01 20:23:05
686,Retail,Liam Walker,liam.walker685@example.com,USA,MI,2025-06-02 04:24:12
687,Retail,Bianca Lee,bianca.lee686@example.com,Canada,BC,2024-12-22 22:00:42
688,Retail,Jonah Johnson,jonah.johnson687@example.com,Canada,BC,2025-07-27 06:35:55
689,Retail,Riley Brown,riley.brown688@example.com,USA,WA,2024-12-05 19:59:54
690,Retail,Yara Singh,yara.singh689@example.com,USA,PA,2025-01-05 17:24:14
691,Retail,Ethan Garcia,ethan.garcia690@example.com,USA,MI,2025-04-20 04:27:04
692,Retail,Elena Gagnon,elena.gagnon691@example.com,Canada,AB,2024-11-17 07:57:22
693,Retail,Dalia Rivera,dalia.rivera692@example.com,USA,MI,2025-08-10 18:37:06
694,Retail,Jonah Johnson,jonah.johnson693@example.com,Canada,SK,2025-02-04 23:41:34
695,Retail,Leo Edwards,leo.edwards694@example.com,USA,MA,2024-09-25 23:23:56
696,Retail,Priya Johnson,priya.johnson695@example.com,Canada,PE,2024-09-15 19:07:28
697,Retail,Isabella Bell,isabella.bell696@example.com,USA,NY,2024-12-11 08:59:31
698,Retail,Alex Wilson,alex.wilson697@example.com,USA,CA,2025-03-02 15:51:56
699,Retail,Chloe Bailey,chloe.bailey698@example.com,Canada,NB,2025-08-18 13:33:18
700,Retail,Omar King,omar.king699@example.com,USA,NJ,2025-09-10 02:21:57
701,Retail,Aisha Patel,aisha.patel700@example.com,Canada,MB,2025-02-10 18:39:18
702,Retail,Ibrahim Roberts,ibrahim.roberts701@example.com,Canada,AB,2025-05-30 13:45:29
703,Retail,Alex Rivera,alex.rivera702@example.com,Canada,QC,2025-07-04 23:43:39
704,Retail,Elena Wright,elena.wright703@example.com,USA,MI,2025-01-05 19:17:44
705,Retail,Hassan Cook,hassan.cook704@example.com,Canada,MB,2024-10-30 03:38:12
706,Retail,Bianca Collins,bianca.collins705@example.com,Canada,BC,2024-12-14 04:07:59
707,Retail,Liam Murray,liam.murray706@example.com,USA,NC,2024-12-27 14:29:42
708,Retail,Hassan Ali,hassan.ali707@example.com,Canada,AB,2025-06-30 17:24:00
709,Retail,Ibrahim Rivera,ibrahim.rivera708@example.com,Canada,BC,2025-05-22 10:36:33
710,Retail,Alex Stewart,alex.stewart709@example.com,Canada,SK,2025-07-28 20:33:41
711,Retail,Omar Collins,omar.collins710@example.com,USA,FL,2024-12-12 22:07:59
712,Retail,Elena Roy,elena.roy711@example.com,Canada,BC,2025-03-19 03:36:36
713,Retail,Tyler Roy,tyler.roy712@example.com,USA,TX,2024-12-09 04:48:24
714,Retail,Noah Tremblay,noah.tremblay713@example.com,USA,FL,2025-02-21 17:53:37
715,Retail,Hannah Adams,hannah.adams714@example.com,Canada,BC,2024-10-04 18:07:30
716,Retail,Sara Morgan,sara.morgan715@example.com,Canada,NB,2024-10-09 22:12:16
717,Retail,Isabella Lopez,isabella.lopez716@example.com,USA,IL,2024-11-28 04:56:34
718,Retail,Victor Moore,victor.moore717@example.com,USA,MI,2025-03-20 10:48:58
719,Retail,Jack Reed,jack.reed718@example.com,USA,NY,2025-01-16 08:25:50
720,Retail,Lena Cook,lena.cook719@example.com,USA,FL,2024-12-04 09:13:21
721,Retail,Ivy Garcia,ivy.garcia720@example.com,Canada,AB,2025-06-01 02:48:41
722,Retail,Leo Mitchell,leo.mitchell721@example.com,Canada,NS,2025-08-04 09:08:00
723,Retail,Yara Stewart,yara.stewart722@example.com,Canada,QC,2025-06-19 03:14:56
724,Retail,Ivy Rivera,ivy.rivera723@example.com,USA,CO,2025-05-12 18:26:22
725,Retail,Brianna Perez,brianna.perez724@example.com,Canada,ON,2025-07-27 04:28:11
726,Retail,Aisha Turner,aisha.turner725@example.com,USA,TX,2025-07-08 21:04:27
727,Retail,Bianca Walker,bianca.walker726@example.com,Canada,ON,2025-03-08 09:01:52
728,Retail,Diego Bell,diego.bell727@example.com,Canada,PE,2024-10-12 22:27:18
729,Retail,Caleb Brown,caleb.brown728@example.com,USA,WA,2024-09-29 03:31:22
730,Retail,Amina Evans,amina.evans729@example.com,USA,MI,2024-11-08 21:19:42
731,Retail,Aisha Perez,aisha.perez730@example.com,USA,OH,2024-11-02 21:12:19
732,Retail,Waleed King,waleed.king731@example.com,USA,NC,2025-02-03 21:03:32
733,Retail,Daniel Bell,daniel.bell732@example.com,USA,NY,2025-08-11 22:44:15
734,Retail,Sara King,sara.king733@example.com,USA,IL,2024-12-04 20:32:12
735,Retail,Hannah Collins,hannah.collins734@example.com,Canada,BC,2025-05-22 10:00:40
736,Retail,Farah Patel,farah.patel735@example.com,Canada,NB,2025-07-03 05:09:34
737,Retail,Quinn Mitchell,quinn.mitchell736@example.com,USA,MA,2025-01-24 06:52:05
738,Retail,Kiana Wilson,kiana.wilson737@example.com,USA,NY,2025-07-14 20:02:00
739,Retail,Aiden Turner,aiden.turner738@example.com,Canada,MB,2025-08-29 14:18:50
740,Retail,Jonah Morgan,jonah.morgan739@example.com,USA,TX,2024-12-24 20:55:30
741,Retail,Diego Martinez,diego.martinez740@example.com,USA,NY,2025-08-11 20:40:07
742,Retail,Gabriel Bailey,gabriel.bailey741@example.com,Canada,BC,2024-10-25 21:05:20
743,Retail,Caleb Bailey,caleb.bailey742@example.com,USA,WA,2025-05-05 06:11:39
744,Retail,Tyler Rogers,tyler.rogers743@example.com,USA,PA,2025-06-22 02:46:18
745,Retail,Maya Moore,maya.moore744@example.com,USA,NC,2025-01-12 01:46:32
746,Retail,Omar Wilson,omar.wilson745@example.com,USA,CO,2025-05-31 07:50:38
747,Retail,Grace Adams,grace.adams746@example.com,USA,AZ,2024-10-27 00:10:51
748,Retail,Ibrahim Ali,ibrahim.ali747@example.com,USA,CA,2024-09-19 16:08:45
749,Retail,Olivia Wilson,olivia.wilson748@example.com,USA,MA,2024-11-24 20:40:21
750,Retail,Jack Bailey,jack.bailey749@example.com,Canada,AB,2025-06-27 04:47:47
751,Retail,Lena Stewart,lena.stewart750@example.com,Canada,PE,2025-06-01 18:36:13
752,Retail,Emma Wilson,emma.wilson751@example.com,Canada,NB,2025-06-17 09:27:55
753,Retail,Waleed Edwards,waleed.edwards752@example.com,USA,WA,2024-11-20 02:02:33
754,Retail,Daniel Green,daniel.green753@example.com,Canada,AB,2025-07-05 01:05:56
755,Retail,Uma Ali,uma.ali754@example.com,Canada,NB,2025-04-19 07:51:36
756,Retail,Diego Lee,diego.lee755@example.com,Canada,BC,2025-05-11 04:47:11
757,Retail,Aiden Green,aiden.green756@example.com,Canada,NL,2025-08-26 18:20:07
758,Retail,Aisha Phillips,aisha.phillips757@example.com,USA,AZ,2025-01-04 14:56:01
759,Retail,Dalia Brown,dalia.brown758@example.com,USA,NC,2024-10-15 04:55:50
760,Retail,Brianna Chen,brianna.chen759@example.com,Canada,BC,2025-06-26 14:26:14
761,Retail,Khadija Martin,khadija.martin760@example.com,USA,MA,2024-11-04 17:13:39
762,Retail,Daniel Lee,daniel.lee761@example.com,USA,OH,2025-08-02 13:21:35
763,Retail,Liam Tremblay,liam.tremblay762@example.com,USA,MI,2025-07-22 22:08:35
764,Retail,Uma Roy,uma.roy763@example.com,USA,FL,2024-12-25 20:47:46
765,Retail,Riley Campbell,riley.campbell764@example.com,USA,NJ,2024-12-24 04:15:47
766,Retail,Brianna Johnson,brianna.johnson765@example.com,Canada,QC,2025-05-11 09:01:58
767,Retail,Jack Johnson,jack.johnson766@example.com,USA,CA,2025-04-23 14:15:33
768,Retail,Sophia Murphy,sophia.murphy767@example.com,Canada,QC,2025-07-29 15:27:26
769,Retail,Isabella Roberts,isabella.roberts768@example.com,Canada,PE,2025-04-07 15:13:49
770,Retail,Fatima Scott,fatima.scott769@example.com,USA,NY,2024-12-30 17:21:07
771,Retail,Maya Wright,maya.wright770@example.com,USA,CO,2025-06-21 14:33:28
772,Retail,Fatima Morris,fatima.morris771@example.com,USA,WA,2024-10-19 06:39:18
773,Retail,Alex Phillips,alex.phillips772@example.com,Canada,NL,2025-01-22 17:44:48
774,Retail,Ethan Wilson,ethan.wilson773@example.com,Canada,SK,2024-09-22 09:44:38
775,Retail,Chloe Patel,chloe.patel774@example.com,USA,NJ,2025-02-18 03:30:52
776,Retail,Daniel Bailey,daniel.bailey775@example.com,USA,MA,2024-10-07 13:09:49
777,Retail,Aisha Green,aisha.green776@example.com,Canada,AB,2025-07-26 03:01:43
778,Retail,Grace Green,grace.green777@example.com,Canada,MB,2025-07-14 22:40:58
779,Retail,Jonah Gagnon,jonah.gagnon778@example.com,USA,NC,2025-07-02 20:06:54
780,Retail,Tyler Nguyen,tyler.nguyen779@example.com,Canada,NB,2025-05-25 15:27:25
781,Retail,Aiden Wilson,aiden.wilson780@example.com,USA,MI,2025-08-25 19:52:52
782,Retail,Caleb Shah,caleb.shah781@example.com,Canada,NL,2025-06-13 16:50:31
783,Retail,Elena Murray,elena.murray782@example.com,Canada,AB,2025-06-10 14:26:58
784,Retail,Jonah Singh,jonah.singh783@example.com,Canada,NS,2025-01-08 01:40:33
785,Retail,Alex Bailey,alex.bailey784@example.com,Canada,ON,2024-12-22 15:42:35
786,Retail,Tyler Green,tyler.green785@example.com,Canada,QC,2025-08-27 04:47:12
787,Retail,Olivia Morgan,olivia.morgan786@example.com,Canada,QC,2025-02-11 00:03:00
788,Retail,Jack Lee,jack.lee787@example.com,Canada,AB,2025-08-14 14:46:25
789,Retail,Amina Carter,amina.carter788@example.com,USA,TX,2025-09-06 04:44:11
790,Retail,Priya Roberts,priya.roberts789@example.com,Canada,AB,2025-01-09 04:11:17
791,Retail,Gabriel Parker,gabriel.parker790@example.com,USA,OH,2024-09-20 13:44:04
792,Retail,Chloe Reed,chloe.reed791@example.com,Canada,PE,2025-03-17 15:52:27
793,Retail,Jack Morgan,jack.morgan792@example.com,USA,AZ,2024-10-09 07:48:35
794,Retail,Ivy Mitchell,ivy.mitchell793@example.com,USA,MI,2024-11-17 23:01:36
795,Retail,Noah Ali,noah.ali794@example.com,USA,GA,2025-05-03 00:15:28
796,Retail,Jack Patel,jack.patel795@example.com,Canada,BC,2025-03-28 21:07:10
797,Retail,Isabella Roy,isabella.roy796@example.com,USA,PA,2025-05-04 07:37:05
798,Retail,Leo Hill,leo.hill797@example.com,Canada,QC,2024-10-22 07:01:33
799,Retail,Bianca Murphy,bianca.murphy798@example.com,Canada,QC,2025-06-24 02:31:12
800,Retail,Liam Stewart,liam.stewart799@example.com,Canada,NS,2025-04-28 16:37:35
801,Retail,Jad Martin,jad.martin800@example.com,Canada,QC,2024-12-22 07:59:09
802,Retail,Brianna Lopez,brianna.lopez801@example.com,USA,OH,2025-09-07 00:57:06
803,Retail,Liam Stewart,liam.stewart802@example.com,Canada,NB,2025-07-06 09:51:43
804,Retail,Grace Walker,grace.walker803@example.com,USA,WA,2024-09-19 06:23:56
805,Retail,Maya Perez,maya.perez804@example.com,Canada,NS,2025-05-04 07:16:46
806,Retail,Alex Rogers,alex.rogers805@example.com,USA,PA,2025-01-07 22:53:10
807,Retail,Sara King,sara.king806@example.com,Canada,NS,2025-02-24 12:25:08
808,Retail,Aiden Collins,aiden.collins807@example.com,USA,GA,2024-11-12 02:29:09
809,Retail,Jad King,jad.king808@example.com,USA,IL,2025-01-19 07:54:32
810,Retail,Victor Patel,victor.patel809@example.com,USA,NJ,2025-04-06 18:25:36
811,Retail,Maya Rivera,maya.rivera810@example.com,USA,WA,2025-03-14 05:03:55
812,Retail,Brianna Garcia,brianna.garcia811@example.com,USA,WA,2025-09-10 19:49:43
813,Retail,Liam Green,liam.green812@example.com,USA,PA,2024-10-23 01:10:39
814,Retail,Uma Roy,uma.roy813@example.com,Canada,MB,2024-12-17 18:09:35
815,Retail,Emma Shah,emma.shah814@example.com,Canada,AB,2025-08-07 15:02:32
816,Retail,Chloe Cook,chloe.cook815@example.com,USA,IL,2024-10-08 09:38:25
817,Retail,Jonah Morris,jonah.morris816@example.com,USA,PA,2025-06-06 12:07:13
818,Retail,Waleed Parker,waleed.parker817@example.com,USA,NJ,2024-10-09 23:45:17
819,Retail,Chloe Reed,chloe.reed818@example.com,Canada,NL,2024-12-04 01:54:09
820,Retail,Nora Wright,nora.wright819@example.com,USA,IL,2025-06-29 17:46:13
821,Retail,Liam Johnson,liam.johnson820@example.com,Canada,ON,2025-09-03 16:23:48
822,Retail,Liam Chen,liam.chen821@example.com,Canada,QC,2025-02-05 01:45:54
823,Retail,Quinn Ali,quinn.ali822@example.com,Canada,MB,2025-03-21 19:13:03
824,Retail,Noah Evans,noah.evans823@example.com,Canada,NB,2024-10-07 21:19:51
825,Retail,Liam Murray,liam.murray824@example.com,Canada,SK,2025-06-02 18:42:04
826,Retail,Brianna Murphy,brianna.murphy825@example.com,Canada,SK,2025-05-07 15:53:02
827,Retail,Amina Adams,amina.adams826@example.com,USA,TX,2025-01-09 17:20:30
828,Retail,Caleb Edwards,caleb.edwards827@example.com,Canada,QC,2025-01-23 07:35:39
829,Retail,Nora Wilson,nora.wilson828@example.com,Canada,QC,2024-10-18 13:02:22
830,Retail,Zoe Brown,zoe.brown829@example.com,Canada,NL,2024-10-05 00:47:54
831,Retail,Elena Roberts,elena.roberts830@example.com,USA,CA,2025-07-24 06:59:13
832,Retail,Hassan Roberts,hassan.roberts831@example.com,Canada,MB,2024-12-19 06:43:08
833,Retail,Jad Edwards,jad.edwards832@example.com,USA,NJ,2025-03-16 02:29:46
834,Retail,Xavier Bell,xavier.bell833@example.com,Canada,QC,2025-01-16 20:33:06
835,Retail,Grace Singh,grace.singh834@example.com,Canada,SK,2025-01-02 13:45:15
836,Retail,Caleb King,caleb.king835@example.com,Canada,QC,2025-08-12 16:16:38
837,Retail,Aisha Singh,aisha.singh836@example.com,USA,FL,2024-12-31 01:16:26
838,Retail,Riley Wilson,riley.wilson837@example.com,USA,MI,2025-07-04 21:27:14
839,Retail,Tyler Scott,tyler.scott838@example.com,USA,NJ,2025-02-18 09:57:43
840,Retail,Daniel Murray,daniel.murray839@example.com,Canada,BC,2024-09-12 15:53:28
841,Retail,Daniel Chen,daniel.chen840@example.com,Canada,QC,2025-05-23 22:45:55
842,Retail,Jad Murray,jad.murray841@example.com,Canada,SK,2025-04-08 13:27:31
843,Retail,Bianca Tremblay,bianca.tremblay842@example.com,USA,AZ,2024-11-09 02:21:25
844,Retail,Elena Patel,elena.patel843@example.com,Canada,BC,2024-10-27 23:11:13
845,Retail,Caleb Scott,caleb.scott844@example.com,Canada,NL,2024-11-21 21:07:46
846,Retail,Xavier Nguyen,xavier.nguyen845@example.com,USA,CO,2025-07-02 12:31:51
847,Retail,Quinn Murphy,quinn.murphy846@example.com,Canada,NS,2025-03-22 13:02:00
848,Retail,Elena Scott,elena.scott847@example.com,Canada,ON,2025-02-21 14:50:27
849,Retail,Diego Moore,diego.moore848@example.com,Canada,BC,2025-02-21 04:54:45
850,Retail,Lena Young,lena.young849@example.com,USA,NJ,2024-09-22 19:52:28
851,Wholesale,City Co-Op,purchasing0@example.com,USA,MI,2024-10-17 06:30:12
852,Wholesale,Blue Pharmacy,purchasing1@example.com,Canada,MB,2025-06-05 23:27:29
853,Wholesale,Healthy Traders,purchasing2@example.com,Canada,BC,2024-10-26 18:34:52
854,Wholesale,Prairie Supply,purchasing3@example.com,Canada,MB,2025-03-04 01:37:56
855,Wholesale,Campus Outfitters,purchasing4@example.com,USA,PA,2024-12-20 23:54:22
856,Wholesale,Peak Pharmacy,purchasing5@example.com,Canada,NL,2025-04-01 15:25:18
857,Wholesale,Blue Depot,purchasing6@example.com,USA,MA,2024-12-02 05:55:21
858,Wholesale,Metro Wellness,purchasing7@example.com,Canada,NL,2025-02-08 19:51:20
859,Wholesale,Prairie Mart,purchasing8@example.com,Canada,BC,2025-04-04 18:37:09
860,Wholesale,City General,purchasing9@example.com,Canada,ON,2025-07-13 11:30:56
861,Wholesale,Harbor Grocers,purchasing10@example.com,USA,IL,2025-04-04 09:56:57
862,Wholesale,North Depot,purchasing11@example.com,Canada,QC,2025-05-05 11:02:02
863,Wholesale,Sunrise Mart,purchasing12@example.com,USA,CA,2024-10-04 12:05:38
864,Wholesale,Prime General,purchasing13@example.com,USA,TX,2025-08-18 04:39:26
865,Wholesale,City Pharmacy,purchasing14@example.com,USA,IL,2025-06-06 19:59:54
866,Wholesale,Urban Market,purchasing15@example.com,USA,PA,2025-07-22 02:51:49
867,Wholesale,Prime Outfitters,purchasing16@example.com,Canada,BC,2025-07-09 03:07:41
868,Wholesale,Maple Outfitters,purchasing17@example.com,USA,TX,2025-06-16 00:05:08
869,Wholesale,Harbor Mart,purchasing18@example.com,USA,NY,2025-07-31 22:36:31
870,Wholesale,City Wellness,purchasing19@example.com,USA,OH,2024-10-06 01:24:55
871,Wholesale,City Supply,purchasing20@example.com,Canada,MB,2024-12-01 02:47:13
872,Wholesale,Metro Market,purchasing21@example.com,Canada,BC,2025-03-15 17:46:22
873,Wholesale,Blue Collective,purchasing22@example.com,USA,MA,2025-02-25 10:16:07
874,Wholesale,Urban Grocers,purchasing23@example.com,USA,PA,2025-04-05 00:14:43
875,Wholesale,Blue Apothecary,purchasing24@example.com,Canada,ON,2025-05-06 22:07:12
876,Wholesale,Urban Collective,purchasing25@example.com,Canada,ON,2024-09-17 18:29:46
877,Wholesale,Harbor Foods,purchasing26@example.com,Canada,PE,2025-06-15 06:21:50
878,Wholesale,Metro Collective,purchasing27@example.com,USA,OH,2025-09-10 11:23:43
879,Wholesale,Green Grocers,purchasing28@example.com,USA,IL,2024-10-27 03:58:01
880,Wholesale,Harbor Pharmacy,purchasing29@example.com,Canada,MB,2025-08-16 00:36:42
881,Wholesale,Healthy Foods,purchasing30@example.com,USA,CA,2025-04-12 02:42:25
882,Wholesale,Prime Grocers,purchasing31@example.com,USA,IL,2024-10-17 09:24:58
883,Wholesale,Metro Pharmacy,purchasing32@example.com,Canada,QC,2024-12-18 19:56:42
884,Wholesale,Prairie Foods,purchasing33@example.com,USA,FL,2024-10-29 10:52:42
885,Wholesale,Healthy Outlets,purchasing34@example.com,Canada,QC,2024-09-21 21:02:14
886,Wholesale,Sunrise Outfitters,purchasing35@example.com,USA,CA,2024-10-15 16:22:05
887,Wholesale,Metro Apothecary,purchasing36@example.com,Canada,NL,2024-12-02 14:30:37
888,Wholesale,North Mart,purchasing37@example.com,USA,CO,2024-11-14 11:02:31
889,Wholesale,Green Supply,purchasing38@example.com,Canada,PE,2024-12-22 23:07:45
890,Wholesale,Sunrise General,purchasing39@example.com,Canada,NS,2024-11-13 12:26:07
891,Wholesale,Aurora Market,purchasing40@example.com,USA,OH,2025-08-06 09:35:38
892,Wholesale,Prairie General,purchasing41@example.com,USA,MI,2025-04-26 15:07:33
893,Wholesale,Harbor Depot,purchasing42@example.com,Canada,ON,2025-03-31 08:19:10
894,Wholesale,City Outfitters,purchasing43@example.com,USA,IL,2024-10-22 22:20:50
895,Wholesale,North General,purchasing44@example.com,Canada,NL,2025-05-02 19:34:47
896,Wholesale,North Collective,purchasing45@example.com,USA,TX,2025-02-18 04:34:29
897,Wholesale,Aurora Mart,purchasing46@example.com,Canada,AB,2025-06-08 01:48:04
898,Wholesale,Sunrise Pharmacy,purchasing47@example.com,USA,AZ,2024-10-08 00:35:14
899,Wholesale,Metro Supply,purchasing48@example.com,Canada,AB,2024-11-17 00:21:36
900,Wholesale,Urban Wellness,purchasing49@example.com,USA,CO,2024-12-24 23:55:21
901,Wholesale,Harbor Supply,purchasing50@example.com,USA,CA,2024-11-20 14:33:21
902,Wholesale,North Outlets,purchasing51@example.com,Canada,MB,2025-08-19 11:48:00
903,Wholesale,Urban Outlets,purchasing52@example.com,Canada,NB,2025-01-10 11:48:18
904,Wholesale,Campus Grocers,purchasing53@example.com,USA,TX,2025-08-15 22:15:52
905,Wholesale,Maple Outlets,purchasing54@example.com,Canada,NB,2025-05-07 16:02:41
906,Wholesale,Urban Depot,purchasing55@example.com,Canada,NL,2025-04-19 16:17:07
907,Wholesale,City Apothecary,purchasing56@example.com,Canada,NB,2024-09-16 19:34:41
908,Wholesale,Aurora Apothecary,purchasing57@example.com,USA,AZ,2025-07-15 12:28:31
909,Wholesale,Prime Mart,purchasing58@example.com,Canada,PE,2025-03-03 23:03:04
910,Wholesale,Healthy Outfitters,purchasing59@example.com,USA,MA,2025-05-30 05:11:02
911,Wholesale,Aurora Traders,purchasing60@example.com,Canada,NS,2024-11-29 08:46:28
912,Wholesale,Campus Wellness,purchasing61@example.com,Canada,NB,2024-09-29 22:09:16
913,Wholesale,Metro Mart,purchasing62@example.com,USA,OH,2025-07-09 13:19:36
914,Wholesale,Metro Grocers,purchasing63@example.com,USA,AZ,2024-12-12 12:26:03
915,Wholesale,Harbor Collective,purchasing64@example.com,USA,IL,2024-10-13 05:18:26
916,Wholesale,Blue Supply,purchasing65@example.com,Canada,AB,2025-04-06 01:48:14
917,Wholesale,Prime Supply,purchasing66@example.com,USA,MI,2025-01-18 16:25:13
918,Wholesale,Maple Co-Op,purchasing67@example.com,USA,PA,2025-08-14 02:44:09
919,Wholesale,City Traders,purchasing68@example.com,Canada,NL,2024-11-17 19:43:42
920,Wholesale,Metro Foods,purchasing69@example.com,USA,NY,2025-02-03 03:34:51
921,Wholesale,Blue Mart,purchasing70@example.com,USA,MA,2025-03-19 16:47:49
922,Wholesale,Campus Depot,purchasing71@example.com,USA,NJ,2025-02-10 20:48:32
923,Wholesale,Sunrise Co-Op,purchasing72@example.com,USA,CA,2025-02-24 14:16:24
924,Wholesale,Prairie Grocers,purchasing73@example.com,Canada,MB,2025-09-04 08:30:41
925,Wholesale,Prime Depot,purchasing74@example.com,USA,WA,2024-11-25 09:02:14
926,Wholesale,North Traders,purchasing75@example.com,USA,CO,2025-08-20 23:42:43
927,Wholesale,Urban Apothecary,purchasing76@example.com,Canada,SK,2024-10-07 10:22:41
928,Wholesale,Campus Mart,purchasing77@example.com,Canada,NL,2024-11-13 12:41:41
929,Wholesale,Urban Pharmacy,purchasing78@example.com,USA,NC,2024-10-02 02:51:28
930,Wholesale,Prime Collective,purchasing79@example.com,Canada,NB,2025-04-27 07:28:47
931,Wholesale,Blue Traders,purchasing80@example.com,Canada,AB,2024-10-08 15:17:52
932,Wholesale,Metro Traders,purchasing81@example.com,USA,MI,2025-09-08 10:00:11
933,Wholesale,Peak General,purchasing82@example.com,USA,TX,2024-11-16 15:42:51
934,Wholesale,Prairie Market,purchasing83@example.com,Canada,BC,2025-06-09 05:36:37
935,Wholesale,Healthy Wellness,purchasing84@example.com,USA,GA,2024-12-10 13:33:27
936,Wholesale,Blue Grocers,purchasing85@example.com,USA,TX,2024-10-22 09:55:36
937,Wholesale,Healthy Supply,purchasing86@example.com,USA,MA,2025-01-03 01:12:29
938,Wholesale,Prime Pharmacy,purchasing87@example.com,Canada,AB,2025-03-02 16:18:18
939,Wholesale,Harbor Market,purchasing88@example.com,USA,AZ,2025-04-03 07:40:00
940,Wholesale,Green Collective,purchasing89@example.com,USA,FL,2024-12-01 09:54:14
941,Wholesale,Aurora Supply,purchasing90@example.com,Canada,BC,2025-01-26 18:21:57
942,Wholesale,Campus Traders,purchasing91@example.com,USA,OH,2024-11-08 08:31:00
943,Wholesale,Campus Apothecary,purchasing92@example.com,Canada,ON,2025-05-09 12:31:28
944,Wholesale,Metro Co-Op,purchasing93@example.com,USA,CA,2025-07-29 17:53:38
945,Wholesale,Harbor Outlets,purchasing94@example.com,USA,PA,2025-02-08 21:14:51
946,Wholesale,Maple Supply,purchasing95@example.com,Canada,PE,2025-05-04 05:28:33
947,Wholesale,Peak Outfitters,purchasing96@example.com,Canada,NB,2025-01-22 13:37:41
948,Wholesale,Healthy Pharmacy,purchasing97@example.com,Canada,AB,2025-04-24 11:01:30
949,Wholesale,Prairie Collective,purchasing98@example.com,USA,CA,2025-09-06 13:34:59
950,Wholesale,Blue Market,purchasing99@example.com,USA,TX,2025-02-10 14:43:37
951,Wholesale,Peak Collective,purchasing100@example.com,Canada,NL,2025-01-20 14:27:34
952,Wholesale,Green Outlets,purchasing101@example.com,Canada,MB,2024-12-15 19:03:42
953,Wholesale,Aurora Foods,purchasing102@example.com,Canada,AB,2025-08-15 11:10:19
954,Wholesale,Healthy Grocers,purchasing103@example.com,USA,OH,2024-10-14 22:39:20
955,Wholesale,City Market,purchasing104@example.com,USA,NJ,2024-11-17 01:58:30
956,Wholesale,Prairie Pharmacy,purchasing105@example.com,USA,IL,2025-08-12 10:46:19
957,Wholesale,Blue Co-Op,purchasing106@example.com,USA,MI,2025-06-16 19:47:52
958,Wholesale,North Market,purchasing107@example.com,Canada,NB,2024-11-18 18:10:38
959,Wholesale,Prairie Outlets,purchasing108@example.com,Canada,BC,2024-11-06 17:03:30
960,Wholesale,Aurora Pharmacy,purchasing109@example.com,Canada,BC,2025-05-21 23:14:28
961,Wholesale,Harbor Co-Op,purchasing110@example.com,Canada,AB,2024-09-16 08:16:03
962,Wholesale,Blue Outlets,purchasing111@example.com,Canada,QC,2025-05-24 13:46:26
963,Wholesale,Prime Co-Op,purchasing112@example.com,Canada,NS,2025-07-07 06:08:43
964,Wholesale,Green Foods,purchasing113@example.com,USA,NC,2025-06-06 05:38:54
965,Wholesale,Peak Supply,purchasing114@example.com,Canada,QC,2024-09-28 19:52:59
966,Wholesale,Maple Foods,purchasing115@example.com,Canada,MB,2025-01-02 01:34:39
967,Wholesale,Prime Foods,purchasing116@example.com,Canada,PE,2025-07-07 16:08:33
968,Wholesale,Green Depot,purchasing117@example.com,Canada,QC,2024-12-22 19:51:53
969,Wholesale,Aurora Collective,purchasing118@example.com,Canada,PE,2025-06-28 17:06:47
970,Wholesale,Prairie Co-Op,purchasing119@example.com,Canada,PE,2025-03-14 01:02:34
971,Wholesale,Maple Mart,purchasing120@example.com,USA,MI,2024-10-26 17:33:48
972,Wholesale,City Mart,purchasing121@example.com,Canada,NS,2025-03-23 03:55:28
973,Wholesale,Blue Outfitters,purchasing122@example.com,USA,NJ,2025-01-31 17:32:26
974,Wholesale,City Grocers,purchasing123@example.com,Canada,PE,2025-04-04 07:56:42
975,Wholesale,Metro Outlets,purchasing124@example.com,USA,CA,2024-11-25 20:03:15
976,Wholesale,Campus Pharmacy,purchasing125@example.com,Canada,AB,2025-08-19 03:11:25
977,Wholesale,Urban Supply,purchasing126@example.com,Canada,SK,2025-01-06 03:57:17
978,Wholesale,Maple Pharmacy,purchasing127@example.com,USA,GA,2025-09-07 23:53:02
979,Wholesale,Aurora Wellness,purchasing128@example.com,Canada,BC,2024-10-17 11:55:42
980,Wholesale,Healthy Market,purchasing129@example.com,Canada,MB,2025-07-05 13:40:32
981,Wholesale,Maple Apothecary,purchasing130@example.com,USA,CO,2025-03-22 12:38:44
982,Wholesale,Maple Traders,purchasing131@example.com,Canada,NB,2025-01-26 15:39:40
983,Wholesale,Green Market,purchasing132@example.com,Canada,SK,2024-10-22 16:29:41
984,Wholesale,Maple Depot,purchasing133@example.com,Canada,NL,2025-05-27 02:02:43
985,Wholesale,Urban Foods,purchasing134@example.com,Canada,MB,2024-10-05 06:17:56
986,Wholesale,Prairie Depot,purchasing135@example.com,Canada,QC,2025-01-13 11:32:08
987,Wholesale,Prairie Apothecary,purchasing136@example.com,Canada,NL,2025-09-06 18:41:55
988,Wholesale,Green Traders,purchasing137@example.com,Canada,NL,2024-10-09 03:33:22
989,Wholesale,Prairie Wellness,purchasing138@example.com,Canada,AB,2025-04-10 03:34:21
990,Wholesale,Urban General,purchasing139@example.com,USA,CA,2024-12-23 20:58:00
991,Wholesale,City Depot,purchasing140@example.com,Canada,NL,2025-01-13 02:39:12
992,Wholesale,Healthy Co-Op,purchasing141@example.com,Canada,ON,2025-09-03 00:51:47
993,Wholesale,North Co-Op,purchasing142@example.com,Canada,NS,2024-11-27 05:57:43
994,Wholesale,Campus Co-Op,purchasing143@example.com,Canada,NS,2025-07-19 16:56:21
995,Wholesale,Sunrise Traders,purchasing144@example.com,Canada,NS,2025-06-17 14:48:30
996,Wholesale,Peak Depot,purchasing145@example.com,Canada,NS,2025-08-05 10:03:18
997,Wholesale,Urban Mart,purchasing146@example.com,Canada,NS,2025-01-14 20:39:59
998,Wholesale,Healthy Mart,purchasing147@example.com,Canada,ON,2025-07-19 22:27:15
999,Wholesale,Green General,purchasing148@example.com,Canada,BC,2025-06-10 16:33:22
1000,Wholesale,Peak Market,purchasing149@example.com,Canada,MB,2025-03-25 00:56:13
